character,tag,count,chapter,novel
Blowbody,N,5,1,The_Mayor_of_Casterbridge
Blowbody,C,4,1,The_Mayor_of_Casterbridge
Blowbody,I,0,1,The_Mayor_of_Casterbridge
Blowbody,A,3,1,The_Mayor_of_Casterbridge
Blowbody,DC,1,1,The_Mayor_of_Casterbridge
Blowbody,DN,1,1,The_Mayor_of_Casterbridge
Buzzford,N,6,1,The_Mayor_of_Casterbridge
Buzzford,C,3,1,The_Mayor_of_Casterbridge
Buzzford,I,2,1,The_Mayor_of_Casterbridge
Buzzford,A,0,1,The_Mayor_of_Casterbridge
Buzzford,DC,0,1,The_Mayor_of_Casterbridge
Buzzford,DN,0,1,The_Mayor_of_Casterbridge
Casterbridge,N,3,1,The_Mayor_of_Casterbridge
Casterbridge,C,0,1,The_Mayor_of_Casterbridge
Casterbridge,I,0,1,The_Mayor_of_Casterbridge
Casterbridge,A,2,1,The_Mayor_of_Casterbridge
Casterbridge,DC,0,1,The_Mayor_of_Casterbridge
Casterbridge,DN,0,1,The_Mayor_of_Casterbridge
Charl,N,9,1,The_Mayor_of_Casterbridge
Charl,C,7,1,The_Mayor_of_Casterbridge
Charl,I,0,1,The_Mayor_of_Casterbridge
Charl,A,1,1,The_Mayor_of_Casterbridge
Charl,DC,0,1,The_Mayor_of_Casterbridge
Charl,DN,0,1,The_Mayor_of_Casterbridge
Christopher Coney,N,9,1,The_Mayor_of_Casterbridge
Christopher Coney,C,2,1,The_Mayor_of_Casterbridge
Christopher Coney,I,5,1,The_Mayor_of_Casterbridge
Christopher Coney,A,3,1,The_Mayor_of_Casterbridge
Christopher Coney,DC,2,1,The_Mayor_of_Casterbridge
Christopher Coney,DN,0,1,The_Mayor_of_Casterbridge
David,N,0,1,The_Mayor_of_Casterbridge
David,C,0,1,The_Mayor_of_Casterbridge
David,I,0,1,The_Mayor_of_Casterbridge
David,A,0,1,The_Mayor_of_Casterbridge
David,DC,0,1,The_Mayor_of_Casterbridge
David,DN,0,1,The_Mayor_of_Casterbridge
Doctor Chalkfield,N,0,1,The_Mayor_of_Casterbridge
Doctor Chalkfield,C,0,1,The_Mayor_of_Casterbridge
Doctor Chalkfield,I,0,1,The_Mayor_of_Casterbridge
Doctor Chalkfield,A,0,1,The_Mayor_of_Casterbridge
Doctor Chalkfield,DC,0,1,The_Mayor_of_Casterbridge
Doctor Chalkfield,DN,0,1,The_Mayor_of_Casterbridge
Farfrae,N,174,1,The_Mayor_of_Casterbridge
Farfrae,C,35,1,The_Mayor_of_Casterbridge
Farfrae,I,46,1,The_Mayor_of_Casterbridge
Farfrae,A,60,1,The_Mayor_of_Casterbridge
Farfrae,DC,31,1,The_Mayor_of_Casterbridge
Farfrae,DN,9,1,The_Mayor_of_Casterbridge
Father,N,2,1,The_Mayor_of_Casterbridge
Father,C,0,1,The_Mayor_of_Casterbridge
Father,I,0,1,The_Mayor_of_Casterbridge
Father,A,0,1,The_Mayor_of_Casterbridge
Father,DC,1,1,The_Mayor_of_Casterbridge
Father,DN,1,1,The_Mayor_of_Casterbridge
Father!—I,N,1,1,The_Mayor_of_Casterbridge
Father!—I,C,0,1,The_Mayor_of_Casterbridge
Father!—I,I,0,1,The_Mayor_of_Casterbridge
Father!—I,A,0,1,The_Mayor_of_Casterbridge
Father!—I,DC,0,1,The_Mayor_of_Casterbridge
Father!—I,DN,0,1,The_Mayor_of_Casterbridge
God,N,3,1,The_Mayor_of_Casterbridge
God,C,0,1,The_Mayor_of_Casterbridge
God,I,0,1,The_Mayor_of_Casterbridge
God,A,0,1,The_Mayor_of_Casterbridge
God,DC,0,1,The_Mayor_of_Casterbridge
God,DN,1,1,The_Mayor_of_Casterbridge
Heaven,N,0,1,The_Mayor_of_Casterbridge
Heaven,C,0,1,The_Mayor_of_Casterbridge
Heaven,I,0,1,The_Mayor_of_Casterbridge
Heaven,A,0,1,The_Mayor_of_Casterbridge
Heaven,DC,0,1,The_Mayor_of_Casterbridge
Heaven,DN,0,1,The_Mayor_of_Casterbridge
Henchard,N,320,1,The_Mayor_of_Casterbridge
Henchard,C,141,1,The_Mayor_of_Casterbridge
Henchard,I,119,1,The_Mayor_of_Casterbridge
Henchard,A,210,1,The_Mayor_of_Casterbridge
Henchard,DC,30,1,The_Mayor_of_Casterbridge
Henchard,DN,24,1,The_Mayor_of_Casterbridge
Jack Griggs,N,0,1,The_Mayor_of_Casterbridge
Jack Griggs,C,0,1,The_Mayor_of_Casterbridge
Jack Griggs,I,0,1,The_Mayor_of_Casterbridge
Jack Griggs,A,0,1,The_Mayor_of_Casterbridge
Jack Griggs,DC,0,1,The_Mayor_of_Casterbridge
Jack Griggs,DN,0,1,The_Mayor_of_Casterbridge
Joe,N,8,1,The_Mayor_of_Casterbridge
Joe,C,0,1,The_Mayor_of_Casterbridge
Joe,I,0,1,The_Mayor_of_Casterbridge
Joe,A,2,1,The_Mayor_of_Casterbridge
Joe,DC,4,1,The_Mayor_of_Casterbridge
Joe,DN,1,1,The_Mayor_of_Casterbridge
Jopp,N,28,1,The_Mayor_of_Casterbridge
Jopp,C,21,1,The_Mayor_of_Casterbridge
Jopp,I,11,1,The_Mayor_of_Casterbridge
Jopp,A,23,1,The_Mayor_of_Casterbridge
Jopp,DC,6,1,The_Mayor_of_Casterbridge
Jopp,DN,1,1,The_Mayor_of_Casterbridge
Longways,N,8,1,The_Mayor_of_Casterbridge
Longways,C,7,1,The_Mayor_of_Casterbridge
Longways,I,2,1,The_Mayor_of_Casterbridge
Longways,A,1,1,The_Mayor_of_Casterbridge
Longways,DC,0,1,The_Mayor_of_Casterbridge
Longways,DN,0,1,The_Mayor_of_Casterbridge
Lucetta,N,57,1,The_Mayor_of_Casterbridge
Lucetta,C,20,1,The_Mayor_of_Casterbridge
Lucetta,I,32,1,The_Mayor_of_Casterbridge
Lucetta,A,50,1,The_Mayor_of_Casterbridge
Lucetta,DC,13,1,The_Mayor_of_Casterbridge
Lucetta,DN,9,1,The_Mayor_of_Casterbridge
"MICHAEL,—You",N,0,1,The_Mayor_of_Casterbridge
"MICHAEL,—You",C,0,1,The_Mayor_of_Casterbridge
"MICHAEL,—You",I,0,1,The_Mayor_of_Casterbridge
"MICHAEL,—You",A,0,1,The_Mayor_of_Casterbridge
"MICHAEL,—You",DC,0,1,The_Mayor_of_Casterbridge
"MICHAEL,—You",DN,0,1,The_Mayor_of_Casterbridge
"MR . HENCHARD,—Don’t",N,0,1,The_Mayor_of_Casterbridge
"MR . HENCHARD,—Don’t",C,0,1,The_Mayor_of_Casterbridge
"MR . HENCHARD,—Don’t",I,0,1,The_Mayor_of_Casterbridge
"MR . HENCHARD,—Don’t",A,0,1,The_Mayor_of_Casterbridge
"MR . HENCHARD,—Don’t",DC,0,1,The_Mayor_of_Casterbridge
"MR . HENCHARD,—Don’t",DN,0,1,The_Mayor_of_Casterbridge
Maister Farfrae,N,0,1,The_Mayor_of_Casterbridge
Maister Farfrae,C,0,1,The_Mayor_of_Casterbridge
Maister Farfrae,I,0,1,The_Mayor_of_Casterbridge
Maister Farfrae,A,0,1,The_Mayor_of_Casterbridge
Maister Farfrae,DC,0,1,The_Mayor_of_Casterbridge
Maister Farfrae,DN,0,1,The_Mayor_of_Casterbridge
Miss Henchard,N,1,1,The_Mayor_of_Casterbridge
Miss Henchard,C,0,1,The_Mayor_of_Casterbridge
Miss Henchard,I,0,1,The_Mayor_of_Casterbridge
Miss Henchard,A,0,1,The_Mayor_of_Casterbridge
Miss Henchard,DC,0,1,The_Mayor_of_Casterbridge
Miss Henchard,DN,0,1,The_Mayor_of_Casterbridge
Miss Henchet,N,0,1,The_Mayor_of_Casterbridge
Miss Henchet,C,0,1,The_Mayor_of_Casterbridge
Miss Henchet,I,0,1,The_Mayor_of_Casterbridge
Miss Henchet,A,0,1,The_Mayor_of_Casterbridge
Miss Henchet,DC,0,1,The_Mayor_of_Casterbridge
Miss Henchet,DN,0,1,The_Mayor_of_Casterbridge
Miss Le Sueur,N,0,1,The_Mayor_of_Casterbridge
Miss Le Sueur,C,0,1,The_Mayor_of_Casterbridge
Miss Le Sueur,I,0,1,The_Mayor_of_Casterbridge
Miss Le Sueur,A,0,1,The_Mayor_of_Casterbridge
Miss Le Sueur,DC,0,1,The_Mayor_of_Casterbridge
Miss Le Sueur,DN,0,1,The_Mayor_of_Casterbridge
Miss Newson,N,0,1,The_Mayor_of_Casterbridge
Miss Newson,C,0,1,The_Mayor_of_Casterbridge
Miss Newson,I,0,1,The_Mayor_of_Casterbridge
Miss Newson,A,0,1,The_Mayor_of_Casterbridge
Miss Newson,DC,0,1,The_Mayor_of_Casterbridge
Miss Newson,DN,0,1,The_Mayor_of_Casterbridge
Miss Templeman,N,0,1,The_Mayor_of_Casterbridge
Miss Templeman,C,0,1,The_Mayor_of_Casterbridge
Miss Templeman,I,0,1,The_Mayor_of_Casterbridge
Miss Templeman,A,0,1,The_Mayor_of_Casterbridge
Miss Templeman,DC,0,1,The_Mayor_of_Casterbridge
Miss Templeman,DN,0,1,The_Mayor_of_Casterbridge
Mother Cuxsom,N,2,1,The_Mayor_of_Casterbridge
Mother Cuxsom,C,2,1,The_Mayor_of_Casterbridge
Mother Cuxsom,I,0,1,The_Mayor_of_Casterbridge
Mother Cuxsom,A,0,1,The_Mayor_of_Casterbridge
Mother Cuxsom,DC,0,1,The_Mayor_of_Casterbridge
Mother Cuxsom,DN,0,1,The_Mayor_of_Casterbridge
Mr. Grower,N,10,1,The_Mayor_of_Casterbridge
Mr. Grower,C,8,1,The_Mayor_of_Casterbridge
Mr. Grower,I,1,1,The_Mayor_of_Casterbridge
Mr. Grower,A,6,1,The_Mayor_of_Casterbridge
Mr. Grower,DC,3,1,The_Mayor_of_Casterbridge
Mr. Grower,DN,0,1,The_Mayor_of_Casterbridge
Mr. Mayor,N,0,1,The_Mayor_of_Casterbridge
Mr. Mayor,C,0,1,The_Mayor_of_Casterbridge
Mr. Mayor,I,0,1,The_Mayor_of_Casterbridge
Mr. Mayor,A,0,1,The_Mayor_of_Casterbridge
Mr. Mayor,DC,0,1,The_Mayor_of_Casterbridge
Mr. Mayor,DN,0,1,The_Mayor_of_Casterbridge
Mr. Vatt,N,0,1,The_Mayor_of_Casterbridge
Mr. Vatt,C,0,1,The_Mayor_of_Casterbridge
Mr. Vatt,I,0,1,The_Mayor_of_Casterbridge
Mr. Vatt,A,0,1,The_Mayor_of_Casterbridge
Mr. Vatt,DC,0,1,The_Mayor_of_Casterbridge
Mr. Vatt,DN,0,1,The_Mayor_of_Casterbridge
Mr. ” Fall,N,0,1,The_Mayor_of_Casterbridge
Mr. ” Fall,C,0,1,The_Mayor_of_Casterbridge
Mr. ” Fall,I,0,1,The_Mayor_of_Casterbridge
Mr. ” Fall,A,0,1,The_Mayor_of_Casterbridge
Mr. ” Fall,DC,0,1,The_Mayor_of_Casterbridge
Mr. ” Fall,DN,0,1,The_Mayor_of_Casterbridge
Mrs. Cuxsom,N,2,1,The_Mayor_of_Casterbridge
Mrs. Cuxsom,C,4,1,The_Mayor_of_Casterbridge
Mrs. Cuxsom,I,1,1,The_Mayor_of_Casterbridge
Mrs. Cuxsom,A,0,1,The_Mayor_of_Casterbridge
Mrs. Cuxsom,DC,0,1,The_Mayor_of_Casterbridge
Mrs. Cuxsom,DN,0,1,The_Mayor_of_Casterbridge
Nance,N,7,1,The_Mayor_of_Casterbridge
Nance,C,7,1,The_Mayor_of_Casterbridge
Nance,I,3,1,The_Mayor_of_Casterbridge
Nance,A,2,1,The_Mayor_of_Casterbridge
Nance,DC,0,1,The_Mayor_of_Casterbridge
Nance,DN,0,1,The_Mayor_of_Casterbridge
Newson,N,48,1,The_Mayor_of_Casterbridge
Newson,C,33,1,The_Mayor_of_Casterbridge
Newson,I,46,1,The_Mayor_of_Casterbridge
Newson,A,69,1,The_Mayor_of_Casterbridge
Newson,DC,9,1,The_Mayor_of_Casterbridge
Newson,DN,14,1,The_Mayor_of_Casterbridge
Peter,N,8,1,The_Mayor_of_Casterbridge
Peter,C,0,1,The_Mayor_of_Casterbridge
Peter,I,0,1,The_Mayor_of_Casterbridge
Peter,A,0,1,The_Mayor_of_Casterbridge
Peter,DC,2,1,The_Mayor_of_Casterbridge
Peter,DN,0,1,The_Mayor_of_Casterbridge
Stannidge,N,1,1,The_Mayor_of_Casterbridge
Stannidge,C,0,1,The_Mayor_of_Casterbridge
Stannidge,I,0,1,The_Mayor_of_Casterbridge
Stannidge,A,0,1,The_Mayor_of_Casterbridge
Stannidge,DC,0,1,The_Mayor_of_Casterbridge
Stannidge,DN,0,1,The_Mayor_of_Casterbridge
Stubberd,N,4,1,The_Mayor_of_Casterbridge
Stubberd,C,5,1,The_Mayor_of_Casterbridge
Stubberd,I,1,1,The_Mayor_of_Casterbridge
Stubberd,A,1,1,The_Mayor_of_Casterbridge
Stubberd,DC,1,1,The_Mayor_of_Casterbridge
Stubberd,DN,0,1,The_Mayor_of_Casterbridge
Susan,N,0,1,The_Mayor_of_Casterbridge
Susan,C,0,1,The_Mayor_of_Casterbridge
Susan,I,0,1,The_Mayor_of_Casterbridge
Susan,A,0,1,The_Mayor_of_Casterbridge
Susan,DC,0,1,The_Mayor_of_Casterbridge
Susan,DN,0,1,The_Mayor_of_Casterbridge
The Scotchman,N,0,1,The_Mayor_of_Casterbridge
The Scotchman,C,0,1,The_Mayor_of_Casterbridge
The Scotchman,I,0,1,The_Mayor_of_Casterbridge
The Scotchman,A,0,1,The_Mayor_of_Casterbridge
The Scotchman,DC,0,1,The_Mayor_of_Casterbridge
The Scotchman,DN,0,1,The_Mayor_of_Casterbridge
Whittle,N,4,1,The_Mayor_of_Casterbridge
Whittle,C,1,1,The_Mayor_of_Casterbridge
Whittle,I,1,1,The_Mayor_of_Casterbridge
Whittle,A,0,1,The_Mayor_of_Casterbridge
Whittle,DC,0,1,The_Mayor_of_Casterbridge
Whittle,DN,1,1,The_Mayor_of_Casterbridge
Blowbody,N,0,2,The_Mayor_of_Casterbridge
Blowbody,C,0,2,The_Mayor_of_Casterbridge
Blowbody,I,0,2,The_Mayor_of_Casterbridge
Blowbody,A,0,2,The_Mayor_of_Casterbridge
Blowbody,DC,0,2,The_Mayor_of_Casterbridge
Blowbody,DN,0,2,The_Mayor_of_Casterbridge
Buzzford,N,0,2,The_Mayor_of_Casterbridge
Buzzford,C,0,2,The_Mayor_of_Casterbridge
Buzzford,I,0,2,The_Mayor_of_Casterbridge
Buzzford,A,0,2,The_Mayor_of_Casterbridge
Buzzford,DC,0,2,The_Mayor_of_Casterbridge
Buzzford,DN,0,2,The_Mayor_of_Casterbridge
Casterbridge,N,1,2,The_Mayor_of_Casterbridge
Casterbridge,C,0,2,The_Mayor_of_Casterbridge
Casterbridge,I,0,2,The_Mayor_of_Casterbridge
Casterbridge,A,0,2,The_Mayor_of_Casterbridge
Casterbridge,DC,0,2,The_Mayor_of_Casterbridge
Casterbridge,DN,1,2,The_Mayor_of_Casterbridge
Charl,N,0,2,The_Mayor_of_Casterbridge
Charl,C,0,2,The_Mayor_of_Casterbridge
Charl,I,0,2,The_Mayor_of_Casterbridge
Charl,A,0,2,The_Mayor_of_Casterbridge
Charl,DC,0,2,The_Mayor_of_Casterbridge
Charl,DN,0,2,The_Mayor_of_Casterbridge
Christopher Coney,N,0,2,The_Mayor_of_Casterbridge
Christopher Coney,C,0,2,The_Mayor_of_Casterbridge
Christopher Coney,I,0,2,The_Mayor_of_Casterbridge
Christopher Coney,A,0,2,The_Mayor_of_Casterbridge
Christopher Coney,DC,0,2,The_Mayor_of_Casterbridge
Christopher Coney,DN,0,2,The_Mayor_of_Casterbridge
David,N,0,2,The_Mayor_of_Casterbridge
David,C,0,2,The_Mayor_of_Casterbridge
David,I,0,2,The_Mayor_of_Casterbridge
David,A,0,2,The_Mayor_of_Casterbridge
David,DC,0,2,The_Mayor_of_Casterbridge
David,DN,0,2,The_Mayor_of_Casterbridge
Doctor Chalkfield,N,0,2,The_Mayor_of_Casterbridge
Doctor Chalkfield,C,0,2,The_Mayor_of_Casterbridge
Doctor Chalkfield,I,0,2,The_Mayor_of_Casterbridge
Doctor Chalkfield,A,0,2,The_Mayor_of_Casterbridge
Doctor Chalkfield,DC,0,2,The_Mayor_of_Casterbridge
Doctor Chalkfield,DN,0,2,The_Mayor_of_Casterbridge
Farfrae,N,17,2,The_Mayor_of_Casterbridge
Farfrae,C,5,2,The_Mayor_of_Casterbridge
Farfrae,I,4,2,The_Mayor_of_Casterbridge
Farfrae,A,3,2,The_Mayor_of_Casterbridge
Farfrae,DC,0,2,The_Mayor_of_Casterbridge
Farfrae,DN,0,2,The_Mayor_of_Casterbridge
Father,N,0,2,The_Mayor_of_Casterbridge
Father,C,0,2,The_Mayor_of_Casterbridge
Father,I,0,2,The_Mayor_of_Casterbridge
Father,A,0,2,The_Mayor_of_Casterbridge
Father,DC,0,2,The_Mayor_of_Casterbridge
Father,DN,0,2,The_Mayor_of_Casterbridge
Father!—I,N,0,2,The_Mayor_of_Casterbridge
Father!—I,C,0,2,The_Mayor_of_Casterbridge
Father!—I,I,0,2,The_Mayor_of_Casterbridge
Father!—I,A,0,2,The_Mayor_of_Casterbridge
Father!—I,DC,0,2,The_Mayor_of_Casterbridge
Father!—I,DN,0,2,The_Mayor_of_Casterbridge
God,N,0,2,The_Mayor_of_Casterbridge
God,C,0,2,The_Mayor_of_Casterbridge
God,I,0,2,The_Mayor_of_Casterbridge
God,A,0,2,The_Mayor_of_Casterbridge
God,DC,0,2,The_Mayor_of_Casterbridge
God,DN,0,2,The_Mayor_of_Casterbridge
Heaven,N,0,2,The_Mayor_of_Casterbridge
Heaven,C,0,2,The_Mayor_of_Casterbridge
Heaven,I,0,2,The_Mayor_of_Casterbridge
Heaven,A,0,2,The_Mayor_of_Casterbridge
Heaven,DC,0,2,The_Mayor_of_Casterbridge
Heaven,DN,0,2,The_Mayor_of_Casterbridge
Henchard,N,22,2,The_Mayor_of_Casterbridge
Henchard,C,8,2,The_Mayor_of_Casterbridge
Henchard,I,8,2,The_Mayor_of_Casterbridge
Henchard,A,9,2,The_Mayor_of_Casterbridge
Henchard,DC,1,2,The_Mayor_of_Casterbridge
Henchard,DN,2,2,The_Mayor_of_Casterbridge
Jack Griggs,N,0,2,The_Mayor_of_Casterbridge
Jack Griggs,C,0,2,The_Mayor_of_Casterbridge
Jack Griggs,I,0,2,The_Mayor_of_Casterbridge
Jack Griggs,A,0,2,The_Mayor_of_Casterbridge
Jack Griggs,DC,0,2,The_Mayor_of_Casterbridge
Jack Griggs,DN,0,2,The_Mayor_of_Casterbridge
Joe,N,0,2,The_Mayor_of_Casterbridge
Joe,C,0,2,The_Mayor_of_Casterbridge
Joe,I,0,2,The_Mayor_of_Casterbridge
Joe,A,0,2,The_Mayor_of_Casterbridge
Joe,DC,0,2,The_Mayor_of_Casterbridge
Joe,DN,0,2,The_Mayor_of_Casterbridge
Jopp,N,0,2,The_Mayor_of_Casterbridge
Jopp,C,0,2,The_Mayor_of_Casterbridge
Jopp,I,0,2,The_Mayor_of_Casterbridge
Jopp,A,0,2,The_Mayor_of_Casterbridge
Jopp,DC,0,2,The_Mayor_of_Casterbridge
Jopp,DN,0,2,The_Mayor_of_Casterbridge
Longways,N,0,2,The_Mayor_of_Casterbridge
Longways,C,0,2,The_Mayor_of_Casterbridge
Longways,I,0,2,The_Mayor_of_Casterbridge
Longways,A,0,2,The_Mayor_of_Casterbridge
Longways,DC,0,2,The_Mayor_of_Casterbridge
Longways,DN,0,2,The_Mayor_of_Casterbridge
Lucetta,N,0,2,The_Mayor_of_Casterbridge
Lucetta,C,0,2,The_Mayor_of_Casterbridge
Lucetta,I,0,2,The_Mayor_of_Casterbridge
Lucetta,A,0,2,The_Mayor_of_Casterbridge
Lucetta,DC,0,2,The_Mayor_of_Casterbridge
Lucetta,DN,0,2,The_Mayor_of_Casterbridge
"MICHAEL,—You",N,0,2,The_Mayor_of_Casterbridge
"MICHAEL,—You",C,0,2,The_Mayor_of_Casterbridge
"MICHAEL,—You",I,0,2,The_Mayor_of_Casterbridge
"MICHAEL,—You",A,0,2,The_Mayor_of_Casterbridge
"MICHAEL,—You",DC,0,2,The_Mayor_of_Casterbridge
"MICHAEL,—You",DN,0,2,The_Mayor_of_Casterbridge
"MR . HENCHARD,—Don’t",N,0,2,The_Mayor_of_Casterbridge
"MR . HENCHARD,—Don’t",C,0,2,The_Mayor_of_Casterbridge
"MR . HENCHARD,—Don’t",I,0,2,The_Mayor_of_Casterbridge
"MR . HENCHARD,—Don’t",A,0,2,The_Mayor_of_Casterbridge
"MR . HENCHARD,—Don’t",DC,0,2,The_Mayor_of_Casterbridge
"MR . HENCHARD,—Don’t",DN,0,2,The_Mayor_of_Casterbridge
Maister Farfrae,N,0,2,The_Mayor_of_Casterbridge
Maister Farfrae,C,0,2,The_Mayor_of_Casterbridge
Maister Farfrae,I,0,2,The_Mayor_of_Casterbridge
Maister Farfrae,A,0,2,The_Mayor_of_Casterbridge
Maister Farfrae,DC,0,2,The_Mayor_of_Casterbridge
Maister Farfrae,DN,0,2,The_Mayor_of_Casterbridge
Miss Henchard,N,0,2,The_Mayor_of_Casterbridge
Miss Henchard,C,0,2,The_Mayor_of_Casterbridge
Miss Henchard,I,0,2,The_Mayor_of_Casterbridge
Miss Henchard,A,0,2,The_Mayor_of_Casterbridge
Miss Henchard,DC,0,2,The_Mayor_of_Casterbridge
Miss Henchard,DN,0,2,The_Mayor_of_Casterbridge
Miss Henchet,N,0,2,The_Mayor_of_Casterbridge
Miss Henchet,C,0,2,The_Mayor_of_Casterbridge
Miss Henchet,I,0,2,The_Mayor_of_Casterbridge
Miss Henchet,A,0,2,The_Mayor_of_Casterbridge
Miss Henchet,DC,0,2,The_Mayor_of_Casterbridge
Miss Henchet,DN,0,2,The_Mayor_of_Casterbridge
Miss Le Sueur,N,0,2,The_Mayor_of_Casterbridge
Miss Le Sueur,C,0,2,The_Mayor_of_Casterbridge
Miss Le Sueur,I,0,2,The_Mayor_of_Casterbridge
Miss Le Sueur,A,0,2,The_Mayor_of_Casterbridge
Miss Le Sueur,DC,0,2,The_Mayor_of_Casterbridge
Miss Le Sueur,DN,0,2,The_Mayor_of_Casterbridge
Miss Newson,N,0,2,The_Mayor_of_Casterbridge
Miss Newson,C,0,2,The_Mayor_of_Casterbridge
Miss Newson,I,0,2,The_Mayor_of_Casterbridge
Miss Newson,A,0,2,The_Mayor_of_Casterbridge
Miss Newson,DC,0,2,The_Mayor_of_Casterbridge
Miss Newson,DN,0,2,The_Mayor_of_Casterbridge
Miss Templeman,N,0,2,The_Mayor_of_Casterbridge
Miss Templeman,C,0,2,The_Mayor_of_Casterbridge
Miss Templeman,I,0,2,The_Mayor_of_Casterbridge
Miss Templeman,A,0,2,The_Mayor_of_Casterbridge
Miss Templeman,DC,0,2,The_Mayor_of_Casterbridge
Miss Templeman,DN,0,2,The_Mayor_of_Casterbridge
Mother Cuxsom,N,0,2,The_Mayor_of_Casterbridge
Mother Cuxsom,C,0,2,The_Mayor_of_Casterbridge
Mother Cuxsom,I,0,2,The_Mayor_of_Casterbridge
Mother Cuxsom,A,0,2,The_Mayor_of_Casterbridge
Mother Cuxsom,DC,0,2,The_Mayor_of_Casterbridge
Mother Cuxsom,DN,0,2,The_Mayor_of_Casterbridge
Mr. Grower,N,0,2,The_Mayor_of_Casterbridge
Mr. Grower,C,0,2,The_Mayor_of_Casterbridge
Mr. Grower,I,0,2,The_Mayor_of_Casterbridge
Mr. Grower,A,0,2,The_Mayor_of_Casterbridge
Mr. Grower,DC,0,2,The_Mayor_of_Casterbridge
Mr. Grower,DN,0,2,The_Mayor_of_Casterbridge
Mr. Mayor,N,0,2,The_Mayor_of_Casterbridge
Mr. Mayor,C,0,2,The_Mayor_of_Casterbridge
Mr. Mayor,I,0,2,The_Mayor_of_Casterbridge
Mr. Mayor,A,0,2,The_Mayor_of_Casterbridge
Mr. Mayor,DC,0,2,The_Mayor_of_Casterbridge
Mr. Mayor,DN,0,2,The_Mayor_of_Casterbridge
Mr. Vatt,N,0,2,The_Mayor_of_Casterbridge
Mr. Vatt,C,0,2,The_Mayor_of_Casterbridge
Mr. Vatt,I,0,2,The_Mayor_of_Casterbridge
Mr. Vatt,A,0,2,The_Mayor_of_Casterbridge
Mr. Vatt,DC,0,2,The_Mayor_of_Casterbridge
Mr. Vatt,DN,0,2,The_Mayor_of_Casterbridge
Mr. ” Fall,N,0,2,The_Mayor_of_Casterbridge
Mr. ” Fall,C,0,2,The_Mayor_of_Casterbridge
Mr. ” Fall,I,0,2,The_Mayor_of_Casterbridge
Mr. ” Fall,A,0,2,The_Mayor_of_Casterbridge
Mr. ” Fall,DC,0,2,The_Mayor_of_Casterbridge
Mr. ” Fall,DN,0,2,The_Mayor_of_Casterbridge
Mrs. Cuxsom,N,0,2,The_Mayor_of_Casterbridge
Mrs. Cuxsom,C,0,2,The_Mayor_of_Casterbridge
Mrs. Cuxsom,I,0,2,The_Mayor_of_Casterbridge
Mrs. Cuxsom,A,0,2,The_Mayor_of_Casterbridge
Mrs. Cuxsom,DC,0,2,The_Mayor_of_Casterbridge
Mrs. Cuxsom,DN,0,2,The_Mayor_of_Casterbridge
Nance,N,0,2,The_Mayor_of_Casterbridge
Nance,C,0,2,The_Mayor_of_Casterbridge
Nance,I,0,2,The_Mayor_of_Casterbridge
Nance,A,0,2,The_Mayor_of_Casterbridge
Nance,DC,0,2,The_Mayor_of_Casterbridge
Nance,DN,0,2,The_Mayor_of_Casterbridge
Newson,N,1,2,The_Mayor_of_Casterbridge
Newson,C,0,2,The_Mayor_of_Casterbridge
Newson,I,0,2,The_Mayor_of_Casterbridge
Newson,A,1,2,The_Mayor_of_Casterbridge
Newson,DC,0,2,The_Mayor_of_Casterbridge
Newson,DN,0,2,The_Mayor_of_Casterbridge
Peter,N,0,2,The_Mayor_of_Casterbridge
Peter,C,0,2,The_Mayor_of_Casterbridge
Peter,I,0,2,The_Mayor_of_Casterbridge
Peter,A,0,2,The_Mayor_of_Casterbridge
Peter,DC,0,2,The_Mayor_of_Casterbridge
Peter,DN,0,2,The_Mayor_of_Casterbridge
Stannidge,N,0,2,The_Mayor_of_Casterbridge
Stannidge,C,0,2,The_Mayor_of_Casterbridge
Stannidge,I,0,2,The_Mayor_of_Casterbridge
Stannidge,A,0,2,The_Mayor_of_Casterbridge
Stannidge,DC,0,2,The_Mayor_of_Casterbridge
Stannidge,DN,0,2,The_Mayor_of_Casterbridge
Stubberd,N,0,2,The_Mayor_of_Casterbridge
Stubberd,C,0,2,The_Mayor_of_Casterbridge
Stubberd,I,0,2,The_Mayor_of_Casterbridge
Stubberd,A,0,2,The_Mayor_of_Casterbridge
Stubberd,DC,0,2,The_Mayor_of_Casterbridge
Stubberd,DN,0,2,The_Mayor_of_Casterbridge
Susan,N,0,2,The_Mayor_of_Casterbridge
Susan,C,0,2,The_Mayor_of_Casterbridge
Susan,I,0,2,The_Mayor_of_Casterbridge
Susan,A,0,2,The_Mayor_of_Casterbridge
Susan,DC,0,2,The_Mayor_of_Casterbridge
Susan,DN,0,2,The_Mayor_of_Casterbridge
The Scotchman,N,0,2,The_Mayor_of_Casterbridge
The Scotchman,C,0,2,The_Mayor_of_Casterbridge
The Scotchman,I,0,2,The_Mayor_of_Casterbridge
The Scotchman,A,0,2,The_Mayor_of_Casterbridge
The Scotchman,DC,0,2,The_Mayor_of_Casterbridge
The Scotchman,DN,0,2,The_Mayor_of_Casterbridge
Whittle,N,7,2,The_Mayor_of_Casterbridge
Whittle,C,5,2,The_Mayor_of_Casterbridge
Whittle,I,13,2,The_Mayor_of_Casterbridge
Whittle,A,30,2,The_Mayor_of_Casterbridge
Whittle,DC,5,2,The_Mayor_of_Casterbridge
Whittle,DN,1,2,The_Mayor_of_Casterbridge
