chapter,method,character,tag,count
10,span-based,Mr. Rochester,N,0
10,span-based,Mr. Rochester,A,0
10,span-based,Mr. Rochester,C,0
10,span-based,Mr. Rochester,I,0
10,span-based,Mr. Rochester,DN,0
10,span-based,Mr. Rochester,DC,2
10,span-based,Georgiana Reed,N,0
10,span-based,Georgiana Reed,A,0
10,span-based,Georgiana Reed,C,0
10,span-based,Georgiana Reed,I,0
10,span-based,Georgiana Reed,DN,1
10,span-based,Georgiana Reed,DC,5
10,span-based,Mr. Brocklehurst,N,4
10,span-based,Mr. Brocklehurst,A,0
10,span-based,Mr. Brocklehurst,C,0
10,span-based,Mr. Brocklehurst,I,2
10,span-based,Mr. Brocklehurst,DN,1
10,span-based,Mr. Brocklehurst,DC,0
10,span-based,Brocklehurst,N,0
10,span-based,Brocklehurst,A,0
10,span-based,Brocklehurst,C,0
10,span-based,Brocklehurst,I,0
10,span-based,Brocklehurst,DN,0
10,span-based,Brocklehurst,DC,0
10,span-based,Mr. Reed,N,0
10,span-based,Mr. Reed,A,0
10,span-based,Mr. Reed,C,0
10,span-based,Mr. Reed,I,0
10,span-based,Mr. Reed,DN,0
10,span-based,Mr. Reed,DC,1
10,span-based,Reed,N,9
10,span-based,Reed,A,0
10,span-based,Reed,C,0
10,span-based,Reed,I,0
10,span-based,Reed,DN,0
10,span-based,Reed,DC,7
10,span-based,Mrs. Reed,N,7
10,span-based,Mrs. Reed,A,0
10,span-based,Mrs. Reed,C,1
10,span-based,Mrs. Reed,I,1
10,span-based,Mrs. Reed,DN,1
10,span-based,Mrs. Reed,DC,8
10,span-based,Jane,N,5
10,span-based,Jane,A,31
10,span-based,Jane,C,25
10,span-based,Jane,I,16
10,span-based,Jane,DN,0
10,span-based,Jane,DC,26
10,span-based,Adele,N,0
10,span-based,Adele,A,0
10,span-based,Adele,C,0
10,span-based,Adele,I,0
10,span-based,Adele,DN,0
10,span-based,Adele,DC,2
10,span-based,Bessie,N,17
10,span-based,Bessie,A,1
10,span-based,Bessie,C,38
10,span-based,Bessie,I,0
10,span-based,Bessie,DN,1
10,span-based,Bessie,DC,10
10,span-based,John Reed,N,1
10,span-based,John Reed,A,0
10,span-based,John Reed,C,0
10,span-based,John Reed,I,0
10,span-based,John Reed,DN,0
10,span-based,John Reed,DC,6
10,span-based,Mary Rivers,N,0
10,span-based,Mary Rivers,A,0
10,span-based,Mary Rivers,C,0
10,span-based,Mary Rivers,I,0
10,span-based,Mary Rivers,DN,0
10,span-based,Mary Rivers,DC,0
10,span-based,Miss Temple,N,3
10,span-based,Miss Temple,A,0
10,span-based,Miss Temple,C,0
10,span-based,Miss Temple,I,0
10,span-based,Miss Temple,DN,1
10,span-based,Miss Temple,DC,0
10,span-based,Helen Burns,N,0
10,span-based,Helen Burns,A,0
10,span-based,Helen Burns,C,0
10,span-based,Helen Burns,I,0
10,span-based,Helen Burns,DN,0
10,span-based,Helen Burns,DC,0
10,span-based,Mrs. Fairfax,N,3
10,span-based,Mrs. Fairfax,A,0
10,span-based,Mrs. Fairfax,C,3
10,span-based,Mrs. Fairfax,I,0
10,span-based,Mrs. Fairfax,DN,1
10,span-based,Mrs. Fairfax,DC,1
10,span-based,St. John Rivers,N,0
10,span-based,St. John Rivers,A,0
10,span-based,St. John Rivers,C,0
10,span-based,St. John Rivers,I,0
10,span-based,St. John Rivers,DN,0
10,span-based,St. John Rivers,DC,0
10,span-based,Georgiana,N,0
10,span-based,Georgiana,A,0
10,span-based,Georgiana,C,0
10,span-based,Georgiana,I,0
10,span-based,Georgiana,DN,0
10,span-based,Georgiana,DC,3
10,span-based,Diana Rivers,N,0
10,span-based,Diana Rivers,A,0
10,span-based,Diana Rivers,C,0
10,span-based,Diana Rivers,I,0
10,span-based,Diana Rivers,DN,0
10,span-based,Diana Rivers,DC,0
38,span-based,St. John Rivers,N,1
38,span-based,St. John Rivers,A,0
38,span-based,St. John Rivers,C,3
38,span-based,St. John Rivers,I,4
38,span-based,St. John Rivers,DN,4
38,span-based,St. John Rivers,DC,0
38,span-based,Diana Rivers,N,0
38,span-based,Diana Rivers,A,0
38,span-based,Diana Rivers,C,0
38,span-based,Diana Rivers,I,2
38,span-based,Diana Rivers,DN,3
38,span-based,Diana Rivers,DC,1
38,span-based,Mr. Rochester,N,8
38,span-based,Mr. Rochester,A,1
38,span-based,Mr. Rochester,C,5
38,span-based,Mr. Rochester,I,1
38,span-based,Mr. Rochester,DN,2
38,span-based,Mr. Rochester,DC,7
38,span-based,Mrs. Fairfax,N,0
38,span-based,Mrs. Fairfax,A,0
38,span-based,Mrs. Fairfax,C,0
38,span-based,Mrs. Fairfax,I,0
38,span-based,Mrs. Fairfax,DN,0
38,span-based,Mrs. Fairfax,DC,0
1,span-based,Georgiana Reed,N,2
1,span-based,Georgiana Reed,A,0
1,span-based,Georgiana Reed,C,0
1,span-based,Georgiana Reed,I,0
1,span-based,Georgiana Reed,DN,0
1,span-based,Georgiana Reed,DC,2
1,span-based,Mr. Reed,N,0
1,span-based,Mr. Reed,A,0
1,span-based,Mr. Reed,C,0
1,span-based,Mr. Reed,I,0
1,span-based,Mr. Reed,DN,0
1,span-based,Mr. Reed,DC,0
1,span-based,Reed,N,18
1,span-based,Reed,A,0
1,span-based,Reed,C,0
1,span-based,Reed,I,0
1,span-based,Reed,DN,0
1,span-based,Reed,DC,1
1,span-based,Mrs. Reed,N,12
1,span-based,Mrs. Reed,A,1
1,span-based,Mrs. Reed,C,6
1,span-based,Mrs. Reed,I,2
1,span-based,Mrs. Reed,DN,1
1,span-based,Mrs. Reed,DC,4
1,span-based,Jane,N,1
1,span-based,Jane,A,12
1,span-based,Jane,C,8
1,span-based,Jane,I,8
1,span-based,Jane,DN,0
1,span-based,Jane,DC,16
1,span-based,Bessie,N,5
1,span-based,Bessie,A,0
1,span-based,Bessie,C,0
1,span-based,Bessie,I,0
1,span-based,Bessie,DN,0
1,span-based,Bessie,DC,3
1,span-based,John Reed,N,6
1,span-based,John Reed,A,12
1,span-based,John Reed,C,14
1,span-based,John Reed,I,3
1,span-based,John Reed,DN,3
1,span-based,John Reed,DC,5
1,span-based,Eliza Reed,N,6
1,span-based,Eliza Reed,A,2
1,span-based,Eliza Reed,C,1
1,span-based,Eliza Reed,I,0
1,span-based,Eliza Reed,DN,0
1,span-based,Eliza Reed,DC,1
1,span-based,Georgiana,N,0
1,span-based,Georgiana,A,0
1,span-based,Georgiana,C,0
1,span-based,Georgiana,I,0
1,span-based,Georgiana,DN,0
1,span-based,Georgiana,DC,1
1,span-based,Abbot,N,1
1,span-based,Abbot,A,0
1,span-based,Abbot,C,0
1,span-based,Abbot,I,0
1,span-based,Abbot,DN,0
1,span-based,Abbot,DC,0
11,span-based,Mr. Rochester,N,15
11,span-based,Mr. Rochester,A,0
11,span-based,Mr. Rochester,C,1
11,span-based,Mr. Rochester,I,2
11,span-based,Mr. Rochester,DN,0
11,span-based,Mr. Rochester,DC,36
11,span-based,Jane,N,1
11,span-based,Jane,A,36
11,span-based,Jane,C,32
11,span-based,Jane,I,10
11,span-based,Jane,DN,3
11,span-based,Jane,DC,37
11,span-based,Grace Poole,N,1
11,span-based,Grace Poole,A,3
11,span-based,Grace Poole,C,3
11,span-based,Grace Poole,I,1
11,span-based,Grace Poole,DN,1
11,span-based,Grace Poole,DC,7
11,span-based,Celine,N,0
11,span-based,Celine,A,0
11,span-based,Celine,C,0
11,span-based,Celine,I,1
11,span-based,Celine,DN,0
11,span-based,Celine,DC,2
11,span-based,Mrs. Fairfax,N,20
11,span-based,Mrs. Fairfax,A,11
11,span-based,Mrs. Fairfax,C,58
11,span-based,Mrs. Fairfax,I,2
11,span-based,Mrs. Fairfax,DN,1
11,span-based,Mrs. Fairfax,DC,14
11,span-based,Celine Varens,N,9
11,span-based,Celine Varens,A,0
11,span-based,Celine Varens,C,5
11,span-based,Celine Varens,I,0
11,span-based,Celine Varens,DN,0
11,span-based,Celine Varens,DC,11
13,span-based,Mr. Rochester,N,20
13,span-based,Mr. Rochester,A,13
13,span-based,Mr. Rochester,C,63
13,span-based,Mr. Rochester,I,8
13,span-based,Mr. Rochester,DN,9
13,span-based,Mr. Rochester,DC,37
13,span-based,Mr. Brocklehurst,N,1
13,span-based,Mr. Brocklehurst,A,0
13,span-based,Mr. Brocklehurst,C,0
13,span-based,Mr. Brocklehurst,I,1
13,span-based,Mr. Brocklehurst,DN,0
13,span-based,Mr. Brocklehurst,DC,7
13,span-based,Brocklehurst,N,0
13,span-based,Brocklehurst,A,0
13,span-based,Brocklehurst,C,0
13,span-based,Brocklehurst,I,0
13,span-based,Brocklehurst,DN,0
13,span-based,Brocklehurst,DC,3
13,span-based,Mr. Rowland Rochester,N,1
13,span-based,Mr. Rowland Rochester,A,0
13,span-based,Mr. Rowland Rochester,C,0
13,span-based,Mr. Rowland Rochester,I,0
13,span-based,Mr. Rowland Rochester,DN,0
13,span-based,Mr. Rowland Rochester,DC,3
13,span-based,Jane,N,8
13,span-based,Jane,A,16
13,span-based,Jane,C,40
13,span-based,Jane,I,4
13,span-based,Jane,DN,3
13,span-based,Jane,DC,61
13,span-based,Miss Temple,N,1
13,span-based,Miss Temple,A,0
13,span-based,Miss Temple,C,0
13,span-based,Miss Temple,I,0
13,span-based,Miss Temple,DN,0
13,span-based,Miss Temple,DC,1
13,span-based,Mrs. Fairfax,N,19
13,span-based,Mrs. Fairfax,A,4
13,span-based,Mrs. Fairfax,C,20
13,span-based,Mrs. Fairfax,I,4
13,span-based,Mrs. Fairfax,DN,1
13,span-based,Mrs. Fairfax,DC,5
13,span-based,Rowland Rochester,N,1
13,span-based,Rowland Rochester,A,0
13,span-based,Rowland Rochester,C,0
13,span-based,Rowland Rochester,I,1
13,span-based,Rowland Rochester,DN,0
13,span-based,Rowland Rochester,DC,2
2,span-based,Georgiana Reed,N,0
2,span-based,Georgiana Reed,A,0
2,span-based,Georgiana Reed,C,0
2,span-based,Georgiana Reed,I,0
2,span-based,Georgiana Reed,DN,1
2,span-based,Georgiana Reed,DC,0
2,span-based,Mr. Reed,N,4
2,span-based,Mr. Reed,A,0
2,span-based,Mr. Reed,C,0
2,span-based,Mr. Reed,I,1
2,span-based,Mr. Reed,DN,1
2,span-based,Mr. Reed,DC,1
2,span-based,Reed,N,1
2,span-based,Reed,A,0
2,span-based,Reed,C,0
2,span-based,Reed,I,0
2,span-based,Reed,DN,0
2,span-based,Reed,DC,3
2,span-based,Mrs. Reed,N,13
2,span-based,Mrs. Reed,A,4
2,span-based,Mrs. Reed,C,5
2,span-based,Mrs. Reed,I,0
2,span-based,Mrs. Reed,DN,1
2,span-based,Mrs. Reed,DC,9
2,span-based,Jane,N,1
2,span-based,Jane,A,15
2,span-based,Jane,C,6
2,span-based,Jane,I,6
2,span-based,Jane,DN,3
2,span-based,Jane,DC,20
2,span-based,Bessie,N,17
2,span-based,Bessie,A,8
2,span-based,Bessie,C,18
2,span-based,Bessie,I,1
2,span-based,Bessie,DN,1
2,span-based,Bessie,DC,4
2,span-based,John Reed,N,1
2,span-based,John Reed,A,6
2,span-based,John Reed,C,2
2,span-based,John Reed,I,1
2,span-based,John Reed,DN,1
2,span-based,John Reed,DC,3
2,span-based,Eliza Reed,N,1
2,span-based,Eliza Reed,A,0
2,span-based,Eliza Reed,C,0
2,span-based,Eliza Reed,I,1
2,span-based,Eliza Reed,DN,1
2,span-based,Eliza Reed,DC,1
2,span-based,Georgiana,N,1
2,span-based,Georgiana,A,0
2,span-based,Georgiana,C,0
2,span-based,Georgiana,I,1
2,span-based,Georgiana,DN,0
2,span-based,Georgiana,DC,0
2,span-based,Abbot,N,8
2,span-based,Abbot,A,3
2,span-based,Abbot,C,4
2,span-based,Abbot,I,0
2,span-based,Abbot,DN,0
2,span-based,Abbot,DC,4
3,span-based,Mr. Brocklehurst,N,0
3,span-based,Mr. Brocklehurst,A,0
3,span-based,Mr. Brocklehurst,C,0
3,span-based,Mr. Brocklehurst,I,0
3,span-based,Mr. Brocklehurst,DN,0
3,span-based,Mr. Brocklehurst,DC,0
3,span-based,Brocklehurst,N,0
3,span-based,Brocklehurst,A,0
3,span-based,Brocklehurst,C,0
3,span-based,Brocklehurst,I,0
3,span-based,Brocklehurst,DN,0
3,span-based,Brocklehurst,DC,0
3,span-based,Mr. Reed,N,1
3,span-based,Mr. Reed,A,0
3,span-based,Mr. Reed,C,0
3,span-based,Mr. Reed,I,0
3,span-based,Mr. Reed,DN,0
3,span-based,Mr. Reed,DC,2
3,span-based,Reed,N,9
3,span-based,Reed,A,0
3,span-based,Reed,C,0
3,span-based,Reed,I,0
3,span-based,Reed,DN,0
3,span-based,Reed,DC,5
3,span-based,Mrs. Reed,N,8
3,span-based,Mrs. Reed,A,0
3,span-based,Mrs. Reed,C,0
3,span-based,Mrs. Reed,I,0
3,span-based,Mrs. Reed,DN,0
3,span-based,Mrs. Reed,DC,10
3,span-based,Jane,N,1
3,span-based,Jane,A,6
3,span-based,Jane,C,21
3,span-based,Jane,I,18
3,span-based,Jane,DN,0
3,span-based,Jane,DC,32
3,span-based,Bessie,N,37
3,span-based,Bessie,A,8
3,span-based,Bessie,C,19
3,span-based,Bessie,I,3
3,span-based,Bessie,DN,3
3,span-based,Bessie,DC,12
3,span-based,John Reed,N,3
3,span-based,John Reed,A,1
3,span-based,John Reed,C,0
3,span-based,John Reed,I,0
3,span-based,John Reed,DN,0
3,span-based,John Reed,DC,3
3,span-based,Miss Temple,N,0
3,span-based,Miss Temple,A,0
3,span-based,Miss Temple,C,0
3,span-based,Miss Temple,I,0
3,span-based,Miss Temple,DN,0
3,span-based,Miss Temple,DC,0
3,span-based,Abbot,N,1
3,span-based,Abbot,A,1
3,span-based,Abbot,C,6
3,span-based,Abbot,I,0
3,span-based,Abbot,DN,0
3,span-based,Abbot,DC,2
12,span-based,Pilot (dog),N,0
12,span-based,Pilot (dog),A,0
12,span-based,Pilot (dog),C,1
12,span-based,Pilot (dog),I,0
12,span-based,Pilot (dog),DN,0
12,span-based,Pilot (dog),DC,0
12,span-based,Mr. Rochester,N,9
12,span-based,Mr. Rochester,A,11
12,span-based,Mr. Rochester,C,28
12,span-based,Mr. Rochester,I,3
12,span-based,Mr. Rochester,DN,2
12,span-based,Mr. Rochester,DC,18
12,span-based,Mrs. Fairfax,N,12
12,span-based,Mrs. Fairfax,A,5
12,span-based,Mrs. Fairfax,C,0
12,span-based,Mrs. Fairfax,I,2
12,span-based,Mrs. Fairfax,DN,1
12,span-based,Mrs. Fairfax,DC,1
12,span-based,Grace Poole,N,1
12,span-based,Grace Poole,A,3
12,span-based,Grace Poole,C,0
12,span-based,Grace Poole,I,2
12,span-based,Grace Poole,DN,1
12,span-based,Grace Poole,DC,0
16,span-based,Mr. Rochester,N,34
16,span-based,Mr. Rochester,A,4
16,span-based,Mr. Rochester,C,0
16,span-based,Mr. Rochester,I,2
16,span-based,Mr. Rochester,DN,3
16,span-based,Mr. Rochester,DC,56
16,span-based,Blanche Ingram,N,5
16,span-based,Blanche Ingram,A,0
16,span-based,Blanche Ingram,C,0
16,span-based,Blanche Ingram,I,2
16,span-based,Blanche Ingram,DN,2
16,span-based,Blanche Ingram,DC,26
16,span-based,Colonel Dent,N,1
16,span-based,Colonel Dent,A,0
16,span-based,Colonel Dent,C,0
16,span-based,Colonel Dent,I,0
16,span-based,Colonel Dent,DN,0
16,span-based,Colonel Dent,DC,2
16,span-based,Mrs. Eshton,N,1
16,span-based,Mrs. Eshton,A,0
16,span-based,Mrs. Eshton,C,0
16,span-based,Mrs. Eshton,I,0
16,span-based,Mrs. Eshton,DN,0
16,span-based,Mrs. Eshton,DC,1
16,span-based,Jane,N,2
16,span-based,Jane,A,10
16,span-based,Jane,C,35
16,span-based,Jane,I,11
16,span-based,Jane,DN,0
16,span-based,Jane,DC,14
16,span-based,Grace Poole,N,6
16,span-based,Grace Poole,A,5
16,span-based,Grace Poole,C,16
16,span-based,Grace Poole,I,4
16,span-based,Grace Poole,DN,3
16,span-based,Grace Poole,DC,9
16,span-based,Mrs. Fairfax,N,9
16,span-based,Mrs. Fairfax,A,2
16,span-based,Mrs. Fairfax,C,27
16,span-based,Mrs. Fairfax,I,1
16,span-based,Mrs. Fairfax,DN,1
16,span-based,Mrs. Fairfax,DC,4
16,span-based,Sir George Lynn,N,1
16,span-based,Sir George Lynn,A,0
16,span-based,Sir George Lynn,C,0
16,span-based,Sir George Lynn,I,0
16,span-based,Sir George Lynn,DN,0
16,span-based,Sir George Lynn,DC,2
16,span-based,Mary Ingram,N,1
16,span-based,Mary Ingram,A,0
16,span-based,Mary Ingram,C,0
16,span-based,Mary Ingram,I,0
16,span-based,Mary Ingram,DN,0
16,span-based,Mary Ingram,DC,3
16,span-based,Lord Ingram,N,2
16,span-based,Lord Ingram,A,0
16,span-based,Lord Ingram,C,0
16,span-based,Lord Ingram,I,0
16,span-based,Lord Ingram,DN,0
16,span-based,Lord Ingram,DC,2
7,span-based,Mr. Brocklehurst,N,15
7,span-based,Mr. Brocklehurst,A,8
7,span-based,Mr. Brocklehurst,C,25
7,span-based,Mr. Brocklehurst,I,4
7,span-based,Mr. Brocklehurst,DN,7
7,span-based,Mr. Brocklehurst,DC,3
7,span-based,Augusta Brocklehurst,N,0
7,span-based,Augusta Brocklehurst,A,0
7,span-based,Augusta Brocklehurst,C,1
7,span-based,Augusta Brocklehurst,I,0
7,span-based,Augusta Brocklehurst,DN,0
7,span-based,Augusta Brocklehurst,DC,0
7,span-based,Mr. Reed,N,0
7,span-based,Mr. Reed,A,0
7,span-based,Mr. Reed,C,0
7,span-based,Mr. Reed,I,0
7,span-based,Mr. Reed,DN,0
7,span-based,Mr. Reed,DC,0
7,span-based,Reed,N,2
7,span-based,Reed,A,0
7,span-based,Reed,C,0
7,span-based,Reed,I,0
7,span-based,Reed,DN,0
7,span-based,Reed,DC,0
7,span-based,Brocklehurst,N,18
7,span-based,Brocklehurst,A,0
7,span-based,Brocklehurst,C,0
7,span-based,Brocklehurst,I,0
7,span-based,Brocklehurst,DN,0
7,span-based,Brocklehurst,DC,0
7,span-based,Mrs. Reed,N,1
7,span-based,Mrs. Reed,A,0
7,span-based,Mrs. Reed,C,0
7,span-based,Mrs. Reed,I,0
7,span-based,Mrs. Reed,DN,0
7,span-based,Mrs. Reed,DC,1
7,span-based,Mrs. Brocklehurst,N,0
7,span-based,Mrs. Brocklehurst,A,0
7,span-based,Mrs. Brocklehurst,C,0
7,span-based,Mrs. Brocklehurst,I,0
7,span-based,Mrs. Brocklehurst,DN,1
7,span-based,Mrs. Brocklehurst,DC,0
7,span-based,Jane,N,1
7,span-based,Jane,A,5
7,span-based,Jane,C,1
7,span-based,Jane,I,5
7,span-based,Jane,DN,0
7,span-based,Jane,DC,15
7,span-based,Miss Smith,N,3
7,span-based,Miss Smith,A,0
7,span-based,Miss Smith,C,0
7,span-based,Miss Smith,I,0
7,span-based,Miss Smith,DN,0
7,span-based,Miss Smith,DC,1
7,span-based,Catherine Johnstone,N,1
7,span-based,Catherine Johnstone,A,0
7,span-based,Catherine Johnstone,C,0
7,span-based,Catherine Johnstone,I,0
7,span-based,Catherine Johnstone,DN,0
7,span-based,Catherine Johnstone,DC,1
7,span-based,Bessie,N,0
7,span-based,Bessie,A,0
7,span-based,Bessie,C,0
7,span-based,Bessie,I,0
7,span-based,Bessie,DN,0
7,span-based,Bessie,DC,0
7,span-based,Theodore Brocklehurst,N,0
7,span-based,Theodore Brocklehurst,A,0
7,span-based,Theodore Brocklehurst,C,0
7,span-based,Theodore Brocklehurst,I,0
7,span-based,Theodore Brocklehurst,DN,0
7,span-based,Theodore Brocklehurst,DC,0
7,span-based,Agnes Johnstone,N,0
7,span-based,Agnes Johnstone,A,0
7,span-based,Agnes Johnstone,C,0
7,span-based,Agnes Johnstone,I,0
7,span-based,Agnes Johnstone,DN,0
7,span-based,Agnes Johnstone,DC,1
7,span-based,Miss Temple,N,20
7,span-based,Miss Temple,A,3
7,span-based,Miss Temple,C,9
7,span-based,Miss Temple,I,1
7,span-based,Miss Temple,DN,2
7,span-based,Miss Temple,DC,9
7,span-based,Helen Burns,N,3
7,span-based,Helen Burns,A,3
7,span-based,Helen Burns,C,0
7,span-based,Helen Burns,I,2
7,span-based,Helen Burns,DN,1
7,span-based,Helen Burns,DC,1
7,span-based,Broughton Brocklehurst,N,0
7,span-based,Broughton Brocklehurst,A,0
7,span-based,Broughton Brocklehurst,C,0
7,span-based,Broughton Brocklehurst,I,0
7,span-based,Broughton Brocklehurst,DN,0
7,span-based,Broughton Brocklehurst,DC,0
7,span-based,Abbot,N,0
7,span-based,Abbot,A,0
7,span-based,Abbot,C,0
7,span-based,Abbot,I,0
7,span-based,Abbot,DN,0
7,span-based,Abbot,DC,0
6,span-based,Mr. Brocklehurst,N,1
6,span-based,Mr. Brocklehurst,A,0
6,span-based,Mr. Brocklehurst,C,0
6,span-based,Mr. Brocklehurst,I,0
6,span-based,Mr. Brocklehurst,DN,0
6,span-based,Mr. Brocklehurst,DC,1
6,span-based,Brocklehurst,N,0
6,span-based,Brocklehurst,A,0
6,span-based,Brocklehurst,C,0
6,span-based,Brocklehurst,I,0
6,span-based,Brocklehurst,DN,0
6,span-based,Brocklehurst,DC,1
6,span-based,Reed,N,0
6,span-based,Reed,A,0
6,span-based,Reed,C,0
6,span-based,Reed,I,0
6,span-based,Reed,DN,0
6,span-based,Reed,DC,4
6,span-based,Mrs. Reed,N,2
6,span-based,Mrs. Reed,A,0
6,span-based,Mrs. Reed,C,0
6,span-based,Mrs. Reed,I,0
6,span-based,Mrs. Reed,DN,0
6,span-based,Mrs. Reed,DC,5
6,span-based,Miss Smith,N,2
6,span-based,Miss Smith,A,3
6,span-based,Miss Smith,C,0
6,span-based,Miss Smith,I,0
6,span-based,Miss Smith,DN,2
6,span-based,Miss Smith,DC,0
6,span-based,Jane,N,0
6,span-based,Jane,A,8
6,span-based,Jane,C,20
6,span-based,Jane,I,10
6,span-based,Jane,DN,0
6,span-based,Jane,DC,12
6,span-based,John Reed,N,0
6,span-based,John Reed,A,0
6,span-based,John Reed,C,0
6,span-based,John Reed,I,0
6,span-based,John Reed,DN,0
6,span-based,John Reed,DC,3
6,span-based,Miss Temple,N,6
6,span-based,Miss Temple,A,0
6,span-based,Miss Temple,C,0
6,span-based,Miss Temple,I,0
6,span-based,Miss Temple,DN,0
6,span-based,Miss Temple,DC,7
6,span-based,Helen Burns,N,4
6,span-based,Helen Burns,A,6
6,span-based,Helen Burns,C,30
6,span-based,Helen Burns,I,4
6,span-based,Helen Burns,DN,3
6,span-based,Helen Burns,DC,17
17,span-based,Mr. Rochester,N,38
17,span-based,Mr. Rochester,A,4
17,span-based,Mr. Rochester,C,25
17,span-based,Mr. Rochester,I,6
17,span-based,Mr. Rochester,DN,1
17,span-based,Mr. Rochester,DC,63
17,span-based,Mr. Brocklehurst,N,0
17,span-based,Mr. Brocklehurst,A,0
17,span-based,Mr. Brocklehurst,C,0
17,span-based,Mr. Brocklehurst,I,0
17,span-based,Mr. Brocklehurst,DN,0
17,span-based,Mr. Brocklehurst,DC,0
17,span-based,Mr. Mason,N,0
17,span-based,Mr. Mason,A,0
17,span-based,Mr. Mason,C,0
17,span-based,Mr. Mason,I,0
17,span-based,Mr. Mason,DN,0
17,span-based,Mr. Mason,DC,0
17,span-based,Louisa Eshton,N,3
17,span-based,Louisa Eshton,A,2
17,span-based,Louisa Eshton,C,3
17,span-based,Louisa Eshton,I,0
17,span-based,Louisa Eshton,DN,1
17,span-based,Louisa Eshton,DC,2
17,span-based,Amy Eshton,N,4
17,span-based,Amy Eshton,A,3
17,span-based,Amy Eshton,C,0
17,span-based,Amy Eshton,I,0
17,span-based,Amy Eshton,DN,1
17,span-based,Amy Eshton,DC,2
17,span-based,Sir George Lynn,N,1
17,span-based,Sir George Lynn,A,1
17,span-based,Sir George Lynn,C,0
17,span-based,Sir George Lynn,I,0
17,span-based,Sir George Lynn,DN,1
17,span-based,Sir George Lynn,DC,2
17,span-based,Blanche Ingram,N,12
17,span-based,Blanche Ingram,A,5
17,span-based,Blanche Ingram,C,16
17,span-based,Blanche Ingram,I,1
17,span-based,Blanche Ingram,DN,3
17,span-based,Blanche Ingram,DC,10
17,span-based,Frederick Lynn,N,2
17,span-based,Frederick Lynn,A,2
17,span-based,Frederick Lynn,C,2
17,span-based,Frederick Lynn,I,0
17,span-based,Frederick Lynn,DN,1
17,span-based,Frederick Lynn,DC,0
17,span-based,Lady Ingram,N,0
17,span-based,Lady Ingram,A,4
17,span-based,Lady Ingram,C,10
17,span-based,Lady Ingram,I,0
17,span-based,Lady Ingram,DN,1
17,span-based,Lady Ingram,DC,4
17,span-based,Lord Ingram,N,4
17,span-based,Lord Ingram,A,1
17,span-based,Lord Ingram,C,0
17,span-based,Lord Ingram,I,0
17,span-based,Lord Ingram,DN,1
17,span-based,Lord Ingram,DC,3
17,span-based,Brocklehurst,N,0
17,span-based,Brocklehurst,A,0
17,span-based,Brocklehurst,C,0
17,span-based,Brocklehurst,I,0
17,span-based,Brocklehurst,DN,0
17,span-based,Brocklehurst,DC,0
17,span-based,Jane,N,0
17,span-based,Jane,A,11
17,span-based,Jane,C,26
17,span-based,Jane,I,8
17,span-based,Jane,DN,0
17,span-based,Jane,DC,17
17,span-based,Mr. Eshton,N,2
17,span-based,Mr. Eshton,A,0
17,span-based,Mr. Eshton,C,0
17,span-based,Mr. Eshton,I,0
17,span-based,Mr. Eshton,DN,1
17,span-based,Mr. Eshton,DC,1
17,span-based,Miss Temple,N,0
17,span-based,Miss Temple,A,0
17,span-based,Miss Temple,C,0
17,span-based,Miss Temple,I,0
17,span-based,Miss Temple,DN,0
17,span-based,Miss Temple,DC,0
17,span-based,Henry Lynn,N,1
17,span-based,Henry Lynn,A,2
17,span-based,Henry Lynn,C,0
17,span-based,Henry Lynn,I,0
17,span-based,Henry Lynn,DN,0
17,span-based,Henry Lynn,DC,0
17,span-based,Colonel Dent,N,5
17,span-based,Colonel Dent,A,2
17,span-based,Colonel Dent,C,0
17,span-based,Colonel Dent,I,0
17,span-based,Colonel Dent,DN,1
17,span-based,Colonel Dent,DC,2
17,span-based,Mrs. Eshton,N,2
17,span-based,Mrs. Eshton,A,2
17,span-based,Mrs. Eshton,C,0
17,span-based,Mrs. Eshton,I,0
17,span-based,Mrs. Eshton,DN,1
17,span-based,Mrs. Eshton,DC,2
17,span-based,Grace Poole,N,1
17,span-based,Grace Poole,A,6
17,span-based,Grace Poole,C,0
17,span-based,Grace Poole,I,0
17,span-based,Grace Poole,DN,1
17,span-based,Grace Poole,DC,5
17,span-based,Mrs. Fairfax,N,14
17,span-based,Mrs. Fairfax,A,5
17,span-based,Mrs. Fairfax,C,16
17,span-based,Mrs. Fairfax,I,0
17,span-based,Mrs. Fairfax,DN,1
17,span-based,Mrs. Fairfax,DC,3
17,span-based,Mary Ingram,N,1
17,span-based,Mary Ingram,A,2
17,span-based,Mary Ingram,C,0
17,span-based,Mary Ingram,I,0
17,span-based,Mary Ingram,DN,1
17,span-based,Mary Ingram,DC,4
29,span-based,Mr. Brocklehurst,N,1
29,span-based,Mr. Brocklehurst,A,0
29,span-based,Mr. Brocklehurst,C,0
29,span-based,Mr. Brocklehurst,I,0
29,span-based,Mr. Brocklehurst,DN,0
29,span-based,Mr. Brocklehurst,DC,2
29,span-based,Brocklehurst,N,0
29,span-based,Brocklehurst,A,0
29,span-based,Brocklehurst,C,0
29,span-based,Brocklehurst,I,0
29,span-based,Brocklehurst,DN,0
29,span-based,Brocklehurst,DC,2
29,span-based,Reed,N,0
29,span-based,Reed,A,0
29,span-based,Reed,C,0
29,span-based,Reed,I,0
29,span-based,Reed,DN,0
29,span-based,Reed,DC,0
29,span-based,Mr. Reed,N,0
29,span-based,Mr. Reed,A,0
29,span-based,Mr. Reed,C,0
29,span-based,Mr. Reed,I,0
29,span-based,Mr. Reed,DN,0
29,span-based,Mr. Reed,DC,0
29,span-based,Hannah,N,9
29,span-based,Hannah,A,6
29,span-based,Hannah,C,47
29,span-based,Hannah,I,2
29,span-based,Hannah,DN,3
29,span-based,Hannah,DC,12
29,span-based,Mrs. Reed,N,0
29,span-based,Mrs. Reed,A,0
29,span-based,Mrs. Reed,C,0
29,span-based,Mrs. Reed,I,0
29,span-based,Mrs. Reed,DN,0
29,span-based,Mrs. Reed,DC,0
29,span-based,Jane,N,2
29,span-based,Jane,A,8
29,span-based,Jane,C,30
29,span-based,Jane,I,10
29,span-based,Jane,DN,2
29,span-based,Jane,DC,52
29,span-based,Mr. Rivers,N,18
29,span-based,Mr. Rivers,A,8
29,span-based,Mr. Rivers,C,6
29,span-based,Mr. Rivers,I,8
29,span-based,Mr. Rivers,DN,0
29,span-based,Mr. Rivers,DC,21
29,span-based,St. John Rivers,N,11
29,span-based,St. John Rivers,A,8
29,span-based,St. John Rivers,C,0
29,span-based,St. John Rivers,I,3
29,span-based,St. John Rivers,DN,0
29,span-based,St. John Rivers,DC,21
29,span-based,Mary Rivers,N,1
29,span-based,Mary Rivers,A,3
29,span-based,Mary Rivers,C,3
29,span-based,Mary Rivers,I,1
29,span-based,Mary Rivers,DN,1
29,span-based,Mary Rivers,DC,5
29,span-based,Diana Rivers,N,0
29,span-based,Diana Rivers,A,4
29,span-based,Diana Rivers,C,25
29,span-based,Diana Rivers,I,3
29,span-based,Diana Rivers,DN,3
29,span-based,Diana Rivers,DC,3
15,span-based,Mrs. Fairfax,N,7
15,span-based,Mrs. Fairfax,A,0
15,span-based,Mrs. Fairfax,C,0
15,span-based,Mrs. Fairfax,I,0
15,span-based,Mrs. Fairfax,DN,0
15,span-based,Mrs. Fairfax,DC,8
15,span-based,Mr. Rochester,N,9
15,span-based,Mr. Rochester,A,21
15,span-based,Mr. Rochester,C,44
15,span-based,Mr. Rochester,I,9
15,span-based,Mr. Rochester,DN,8
15,span-based,Mr. Rochester,DC,19
15,span-based,Jane,N,5
15,span-based,Jane,A,20
15,span-based,Jane,C,23
15,span-based,Jane,I,10
15,span-based,Jane,DN,1
15,span-based,Jane,DC,38
15,span-based,Grace Poole,N,4
15,span-based,Grace Poole,A,0
15,span-based,Grace Poole,C,0
15,span-based,Grace Poole,I,0
15,span-based,Grace Poole,DN,0
15,span-based,Grace Poole,DC,8
4,span-based,Georgiana Reed,N,0
4,span-based,Georgiana Reed,A,2
4,span-based,Georgiana Reed,C,0
4,span-based,Georgiana Reed,I,2
4,span-based,Georgiana Reed,DN,2
4,span-based,Georgiana Reed,DC,2
4,span-based,Mr. Brocklehurst,N,13
4,span-based,Mr. Brocklehurst,A,3
4,span-based,Mr. Brocklehurst,C,26
4,span-based,Mr. Brocklehurst,I,2
4,span-based,Mr. Brocklehurst,DN,2
4,span-based,Mr. Brocklehurst,DC,14
4,span-based,Brocklehurst,N,0
4,span-based,Brocklehurst,A,0
4,span-based,Brocklehurst,C,0
4,span-based,Brocklehurst,I,0
4,span-based,Brocklehurst,DN,0
4,span-based,Brocklehurst,DC,8
4,span-based,Mr. Reed,N,0
4,span-based,Mr. Reed,A,0
4,span-based,Mr. Reed,C,0
4,span-based,Mr. Reed,I,0
4,span-based,Mr. Reed,DN,0
4,span-based,Mr. Reed,DC,2
4,span-based,Reed,N,2
4,span-based,Reed,A,0
4,span-based,Reed,C,0
4,span-based,Reed,I,0
4,span-based,Reed,DN,0
4,span-based,Reed,DC,10
4,span-based,Mrs. Reed,N,31
4,span-based,Mrs. Reed,A,8
4,span-based,Mrs. Reed,C,24
4,span-based,Mrs. Reed,I,4
4,span-based,Mrs. Reed,DN,2
4,span-based,Mrs. Reed,DC,24
4,span-based,Jane,N,9
4,span-based,Jane,A,21
4,span-based,Jane,C,35
4,span-based,Jane,I,11
4,span-based,Jane,DN,0
4,span-based,Jane,DC,63
4,span-based,Bessie,N,1
4,span-based,Bessie,A,8
4,span-based,Bessie,C,20
4,span-based,Bessie,I,2
4,span-based,Bessie,DN,1
4,span-based,Bessie,DC,11
4,span-based,John Reed,N,1
4,span-based,John Reed,A,4
4,span-based,John Reed,C,1
4,span-based,John Reed,I,1
4,span-based,John Reed,DN,1
4,span-based,John Reed,DC,4
4,span-based,Miss Temple,N,2
4,span-based,Miss Temple,A,0
4,span-based,Miss Temple,C,0
4,span-based,Miss Temple,I,0
4,span-based,Miss Temple,DN,0
4,span-based,Miss Temple,DC,3
4,span-based,Eliza Reed,N,0
4,span-based,Eliza Reed,A,1
4,span-based,Eliza Reed,C,0
4,span-based,Eliza Reed,I,1
4,span-based,Eliza Reed,DN,0
4,span-based,Eliza Reed,DC,0
4,span-based,Georgiana,N,0
4,span-based,Georgiana,A,0
4,span-based,Georgiana,C,0
4,span-based,Georgiana,I,0
4,span-based,Georgiana,DN,0
4,span-based,Georgiana,DC,1
4,span-based,Abbot,N,1
4,span-based,Abbot,A,0
4,span-based,Abbot,C,0
4,span-based,Abbot,I,0
4,span-based,Abbot,DN,0
4,span-based,Abbot,DC,0
5,span-based,Madame Pierrot,N,2
5,span-based,Madame Pierrot,A,0
5,span-based,Madame Pierrot,C,0
5,span-based,Madame Pierrot,I,0
5,span-based,Madame Pierrot,DN,0
5,span-based,Madame Pierrot,DC,4
5,span-based,Georgiana Reed,N,0
5,span-based,Georgiana Reed,A,0
5,span-based,Georgiana Reed,C,0
5,span-based,Georgiana Reed,I,0
5,span-based,Georgiana Reed,DN,0
5,span-based,Georgiana Reed,DC,2
5,span-based,Mr. Brocklehurst,N,3
5,span-based,Mr. Brocklehurst,A,1
5,span-based,Mr. Brocklehurst,C,2
5,span-based,Mr. Brocklehurst,I,0
5,span-based,Mr. Brocklehurst,DN,1
5,span-based,Mr. Brocklehurst,DC,4
5,span-based,Augusta Brocklehurst,N,0
5,span-based,Augusta Brocklehurst,A,0
5,span-based,Augusta Brocklehurst,C,0
5,span-based,Augusta Brocklehurst,I,0
5,span-based,Augusta Brocklehurst,DN,0
5,span-based,Augusta Brocklehurst,DC,0
5,span-based,Mr. Reed,N,0
5,span-based,Mr. Reed,A,0
5,span-based,Mr. Reed,C,0
5,span-based,Mr. Reed,I,0
5,span-based,Mr. Reed,DN,0
5,span-based,Mr. Reed,DC,1
5,span-based,Miss Miller,N,19
5,span-based,Miss Miller,A,2
5,span-based,Miss Miller,C,11
5,span-based,Miss Miller,I,0
5,span-based,Miss Miller,DN,2
5,span-based,Miss Miller,DC,1
5,span-based,Reed,N,4
5,span-based,Reed,A,0
5,span-based,Reed,C,0
5,span-based,Reed,I,0
5,span-based,Reed,DN,0
5,span-based,Reed,DC,1
5,span-based,Mrs. Reed,N,4
5,span-based,Mrs. Reed,A,0
5,span-based,Mrs. Reed,C,0
5,span-based,Mrs. Reed,I,0
5,span-based,Mrs. Reed,DN,0
5,span-based,Mrs. Reed,DC,8
5,span-based,Brocklehurst,N,0
5,span-based,Brocklehurst,A,0
5,span-based,Brocklehurst,C,0
5,span-based,Brocklehurst,I,0
5,span-based,Brocklehurst,DN,0
5,span-based,Brocklehurst,DC,4
5,span-based,Jane,N,0
5,span-based,Jane,A,23
5,span-based,Jane,C,27
5,span-based,Jane,I,14
5,span-based,Jane,DN,0
5,span-based,Jane,DC,19
5,span-based,Broughton Brocklehurst,N,0
5,span-based,Broughton Brocklehurst,A,0
5,span-based,Broughton Brocklehurst,C,0
5,span-based,Broughton Brocklehurst,I,0
5,span-based,Broughton Brocklehurst,DN,0
5,span-based,Broughton Brocklehurst,DC,0
5,span-based,Bessie,N,9
5,span-based,Bessie,A,9
5,span-based,Bessie,C,7
5,span-based,Bessie,I,1
5,span-based,Bessie,DN,0
5,span-based,Bessie,DC,2
5,span-based,John Reed,N,0
5,span-based,John Reed,A,0
5,span-based,John Reed,C,0
5,span-based,John Reed,I,0
5,span-based,John Reed,DN,0
5,span-based,John Reed,DC,0
5,span-based,Theodore Brocklehurst,N,0
5,span-based,Theodore Brocklehurst,A,0
5,span-based,Theodore Brocklehurst,C,2
5,span-based,Theodore Brocklehurst,I,0
5,span-based,Theodore Brocklehurst,DN,0
5,span-based,Theodore Brocklehurst,DC,1
5,span-based,Miss Temple,N,7
5,span-based,Miss Temple,A,5
5,span-based,Miss Temple,C,9
5,span-based,Miss Temple,I,0
5,span-based,Miss Temple,DN,1
5,span-based,Miss Temple,DC,6
5,span-based,Helen Burns,N,0
5,span-based,Helen Burns,A,1
5,span-based,Helen Burns,C,25
5,span-based,Helen Burns,I,1
5,span-based,Helen Burns,DN,1
5,span-based,Helen Burns,DC,2
5,span-based,Eliza Reed,N,0
5,span-based,Eliza Reed,A,0
5,span-based,Eliza Reed,C,0
5,span-based,Eliza Reed,I,0
5,span-based,Eliza Reed,DN,0
5,span-based,Eliza Reed,DC,0
5,span-based,Georgiana,N,0
5,span-based,Georgiana,A,0
5,span-based,Georgiana,C,0
5,span-based,Georgiana,I,0
5,span-based,Georgiana,DN,0
5,span-based,Georgiana,DC,0
14,span-based,Mr. Rochester,N,36
14,span-based,Mr. Rochester,A,8
14,span-based,Mr. Rochester,C,71
14,span-based,Mr. Rochester,I,9
14,span-based,Mr. Rochester,DN,9
14,span-based,Mr. Rochester,DC,32
14,span-based,Mrs. Fairfax,N,5
14,span-based,Mrs. Fairfax,A,1
14,span-based,Mrs. Fairfax,C,0
14,span-based,Mrs. Fairfax,I,1
14,span-based,Mrs. Fairfax,DN,1
14,span-based,Mrs. Fairfax,DC,9
28,span-based,Mr. Rochester,N,4
28,span-based,Mr. Rochester,A,0
28,span-based,Mr. Rochester,C,0
28,span-based,Mr. Rochester,I,3
28,span-based,Mr. Rochester,DN,1
28,span-based,Mr. Rochester,DC,10
28,span-based,Hannah,N,15
28,span-based,Hannah,A,8
28,span-based,Hannah,C,44
28,span-based,Hannah,I,2
28,span-based,Hannah,DN,0
28,span-based,Hannah,DC,15
28,span-based,Jane,N,1
28,span-based,Jane,A,75
28,span-based,Jane,C,38
28,span-based,Jane,I,22
28,span-based,Jane,DN,0
28,span-based,Jane,DC,37
28,span-based,St. John Rivers,N,7
28,span-based,St. John Rivers,A,8
28,span-based,St. John Rivers,C,21
28,span-based,St. John Rivers,I,0
28,span-based,St. John Rivers,DN,0
28,span-based,St. John Rivers,DC,13
28,span-based,Mary Rivers,N,6
28,span-based,Mary Rivers,A,6
28,span-based,Mary Rivers,C,6
28,span-based,Mary Rivers,I,1
28,span-based,Mary Rivers,DN,1
28,span-based,Mary Rivers,DC,9
28,span-based,Mr. Oliver,N,2
28,span-based,Mr. Oliver,A,0
28,span-based,Mr. Oliver,C,1
28,span-based,Mr. Oliver,I,0
28,span-based,Mr. Oliver,DN,0
28,span-based,Mr. Oliver,DC,8
28,span-based,Diana Rivers,N,6
28,span-based,Diana Rivers,A,0
28,span-based,Diana Rivers,C,14
28,span-based,Diana Rivers,I,0
28,span-based,Diana Rivers,DN,2
28,span-based,Diana Rivers,DC,2
25,span-based,Mr. Rochester,N,8
25,span-based,Mr. Rochester,A,18
25,span-based,Mr. Rochester,C,49
25,span-based,Mr. Rochester,I,3
25,span-based,Mr. Rochester,DN,4
25,span-based,Mr. Rochester,DC,61
25,span-based,Georgiana Reed,N,0
25,span-based,Georgiana Reed,A,0
25,span-based,Georgiana Reed,C,0
25,span-based,Georgiana Reed,I,0
25,span-based,Georgiana Reed,DN,1
25,span-based,Georgiana Reed,DC,0
25,span-based,Reed,N,0
25,span-based,Reed,A,0
25,span-based,Reed,C,0
25,span-based,Reed,I,0
25,span-based,Reed,DN,0
25,span-based,Reed,DC,0
25,span-based,Mr. Mason,N,0
25,span-based,Mr. Mason,A,0
25,span-based,Mr. Mason,C,0
25,span-based,Mr. Mason,I,0
25,span-based,Mr. Mason,DN,0
25,span-based,Mr. Mason,DC,1
25,span-based,Jane,N,6
25,span-based,Jane,A,25
25,span-based,Jane,C,57
25,span-based,Jane,I,8
25,span-based,Jane,DN,0
25,span-based,Jane,DC,59
25,span-based,Adele,N,0
25,span-based,Adele,A,0
25,span-based,Adele,C,0
25,span-based,Adele,I,0
25,span-based,Adele,DN,0
25,span-based,Adele,DC,2
25,span-based,Grace Poole,N,2
25,span-based,Grace Poole,A,0
25,span-based,Grace Poole,C,0
25,span-based,Grace Poole,I,0
25,span-based,Grace Poole,DN,0
25,span-based,Grace Poole,DC,4
25,span-based,Bessie,N,0
25,span-based,Bessie,A,0
25,span-based,Bessie,C,0
25,span-based,Bessie,I,0
25,span-based,Bessie,DN,0
25,span-based,Bessie,DC,0
25,span-based,John Reed,N,0
25,span-based,John Reed,A,0
25,span-based,John Reed,C,0
25,span-based,John Reed,I,0
25,span-based,John Reed,DN,0
25,span-based,John Reed,DC,0
25,span-based,Mrs. Fairfax,N,2
25,span-based,Mrs. Fairfax,A,0
25,span-based,Mrs. Fairfax,C,0
25,span-based,Mrs. Fairfax,I,0
25,span-based,Mrs. Fairfax,DN,0
25,span-based,Mrs. Fairfax,DC,3
25,span-based,Eliza Reed,N,0
25,span-based,Eliza Reed,A,0
25,span-based,Eliza Reed,C,0
25,span-based,Eliza Reed,I,0
25,span-based,Eliza Reed,DN,0
25,span-based,Eliza Reed,DC,0
25,span-based,Georgiana,N,0
25,span-based,Georgiana,A,0
25,span-based,Georgiana,C,0
25,span-based,Georgiana,I,0
25,span-based,Georgiana,DN,0
25,span-based,Georgiana,DC,0
31,span-based,Mr. Rochester,N,1
31,span-based,Mr. Rochester,A,0
31,span-based,Mr. Rochester,C,0
31,span-based,Mr. Rochester,I,0
31,span-based,Mr. Rochester,DN,3
31,span-based,Mr. Rochester,DC,3
31,span-based,Miss Rosamond Oliver,N,2
31,span-based,Miss Rosamond Oliver,A,8
31,span-based,Miss Rosamond Oliver,C,19
31,span-based,Miss Rosamond Oliver,I,0
31,span-based,Miss Rosamond Oliver,DN,3
31,span-based,Miss Rosamond Oliver,DC,2
31,span-based,Jane,N,0
31,span-based,Jane,A,10
31,span-based,Jane,C,10
31,span-based,Jane,I,10
31,span-based,Jane,DN,0
31,span-based,Jane,DC,13
31,span-based,St. John Rivers,N,6
31,span-based,St. John Rivers,A,10
31,span-based,St. John Rivers,C,15
31,span-based,St. John Rivers,I,5
31,span-based,St. John Rivers,DN,2
31,span-based,St. John Rivers,DC,9
31,span-based,Mary Rivers,N,0
31,span-based,Mary Rivers,A,0
31,span-based,Mary Rivers,C,0
31,span-based,Mary Rivers,I,0
31,span-based,Mary Rivers,DN,0
31,span-based,Mary Rivers,DC,1
31,span-based,Mr. Oliver,N,2
31,span-based,Mr. Oliver,A,0
31,span-based,Mr. Oliver,C,0
31,span-based,Mr. Oliver,I,0
31,span-based,Mr. Oliver,DN,0
31,span-based,Mr. Oliver,DC,5
31,span-based,Diana Rivers,N,1
31,span-based,Diana Rivers,A,0
31,span-based,Diana Rivers,C,0
31,span-based,Diana Rivers,I,1
31,span-based,Diana Rivers,DN,1
31,span-based,Diana Rivers,DC,1
19,span-based,Mr. Rochester,N,34
19,span-based,Mr. Rochester,A,14
19,span-based,Mr. Rochester,C,41
19,span-based,Mr. Rochester,I,5
19,span-based,Mr. Rochester,DN,3
19,span-based,Mr. Rochester,DC,50
19,span-based,Mr. Mason,N,2
19,span-based,Mr. Mason,A,3
19,span-based,Mr. Mason,C,0
19,span-based,Mr. Mason,I,1
19,span-based,Mr. Mason,DN,0
19,span-based,Mr. Mason,DC,11
19,span-based,Jane,N,10
19,span-based,Jane,A,17
19,span-based,Jane,C,60
19,span-based,Jane,I,4
19,span-based,Jane,DN,3
19,span-based,Jane,DC,68
19,span-based,Grace Poole,N,3
19,span-based,Grace Poole,A,0
19,span-based,Grace Poole,C,0
19,span-based,Grace Poole,I,0
19,span-based,Grace Poole,DN,1
19,span-based,Grace Poole,DC,8
19,span-based,Mrs. Fairfax,N,0
19,span-based,Mrs. Fairfax,A,0
19,span-based,Mrs. Fairfax,C,0
19,span-based,Mrs. Fairfax,I,0
19,span-based,Mrs. Fairfax,DN,0
19,span-based,Mrs. Fairfax,DC,0
8,span-based,Mr. Brocklehurst,N,5
8,span-based,Mr. Brocklehurst,A,0
8,span-based,Mr. Brocklehurst,C,0
8,span-based,Mr. Brocklehurst,I,0
8,span-based,Mr. Brocklehurst,DN,0
8,span-based,Mr. Brocklehurst,DC,5
8,span-based,Brocklehurst,N,0
8,span-based,Brocklehurst,A,0
8,span-based,Brocklehurst,C,0
8,span-based,Brocklehurst,I,0
8,span-based,Brocklehurst,DN,1
8,span-based,Brocklehurst,DC,4
8,span-based,Reed,N,3
8,span-based,Reed,A,0
8,span-based,Reed,C,0
8,span-based,Reed,I,0
8,span-based,Reed,DN,0
8,span-based,Reed,DC,2
8,span-based,Mrs. Reed,N,0
8,span-based,Mrs. Reed,A,0
8,span-based,Mrs. Reed,C,0
8,span-based,Mrs. Reed,I,0
8,span-based,Mrs. Reed,DN,0
8,span-based,Mrs. Reed,DC,6
8,span-based,Jane,N,2
8,span-based,Jane,A,9
8,span-based,Jane,C,12
8,span-based,Jane,I,13
8,span-based,Jane,DN,0
8,span-based,Jane,DC,19
8,span-based,Bessie,N,0
8,span-based,Bessie,A,0
8,span-based,Bessie,C,0
8,span-based,Bessie,I,0
8,span-based,Bessie,DN,0
8,span-based,Bessie,DC,2
8,span-based,John Reed,N,0
8,span-based,John Reed,A,0
8,span-based,John Reed,C,0
8,span-based,John Reed,I,0
8,span-based,John Reed,DN,0
8,span-based,John Reed,DC,1
8,span-based,Miss Temple,N,16
8,span-based,Miss Temple,A,8
8,span-based,Miss Temple,C,23
8,span-based,Miss Temple,I,1
8,span-based,Miss Temple,DN,2
8,span-based,Miss Temple,DC,4
8,span-based,Helen Burns,N,7
8,span-based,Helen Burns,A,5
8,span-based,Helen Burns,C,11
8,span-based,Helen Burns,I,4
8,span-based,Helen Burns,DN,6
8,span-based,Helen Burns,DC,9
9,span-based,Mr. Brocklehurst,N,1
9,span-based,Mr. Brocklehurst,A,0
9,span-based,Mr. Brocklehurst,C,0
9,span-based,Mr. Brocklehurst,I,0
9,span-based,Mr. Brocklehurst,DN,0
9,span-based,Mr. Brocklehurst,DC,0
9,span-based,Mary Ann Wilson,N,2
9,span-based,Mary Ann Wilson,A,4
9,span-based,Mary Ann Wilson,C,0
9,span-based,Mary Ann Wilson,I,2
9,span-based,Mary Ann Wilson,DN,1
9,span-based,Mary Ann Wilson,DC,0
9,span-based,Brocklehurst,N,1
9,span-based,Brocklehurst,A,0
9,span-based,Brocklehurst,C,0
9,span-based,Brocklehurst,I,0
9,span-based,Brocklehurst,DN,0
9,span-based,Brocklehurst,DC,0
9,span-based,Jane,N,7
9,span-based,Jane,A,15
9,span-based,Jane,C,17
9,span-based,Jane,I,7
9,span-based,Jane,DN,0
9,span-based,Jane,DC,13
9,span-based,Bessie,N,0
9,span-based,Bessie,A,0
9,span-based,Bessie,C,0
9,span-based,Bessie,I,0
9,span-based,Bessie,DN,0
9,span-based,Bessie,DC,1
9,span-based,Miss Temple,N,8
9,span-based,Miss Temple,A,3
9,span-based,Miss Temple,C,0
9,span-based,Miss Temple,I,1
9,span-based,Miss Temple,DN,0
9,span-based,Miss Temple,DC,1
9,span-based,Helen Burns,N,5
9,span-based,Helen Burns,A,4
9,span-based,Helen Burns,C,19
9,span-based,Helen Burns,I,0
9,span-based,Helen Burns,DN,2
9,span-based,Helen Burns,DC,11
18,span-based,Mr. Rochester,N,24
18,span-based,Mr. Rochester,A,10
18,span-based,Mr. Rochester,C,10
18,span-based,Mr. Rochester,I,7
18,span-based,Mr. Rochester,DN,4
18,span-based,Mr. Rochester,DC,18
18,span-based,Mrs. Lynn,N,1
18,span-based,Mrs. Lynn,A,2
18,span-based,Mrs. Lynn,C,1
18,span-based,Mrs. Lynn,I,1
18,span-based,Mrs. Lynn,DN,1
18,span-based,Mrs. Lynn,DC,1
18,span-based,Colonel Dent,N,9
18,span-based,Colonel Dent,A,5
18,span-based,Colonel Dent,C,15
18,span-based,Colonel Dent,I,1
18,span-based,Colonel Dent,DN,0
18,span-based,Colonel Dent,DC,2
18,span-based,Mrs. Eshton,N,3
18,span-based,Mrs. Eshton,A,3
18,span-based,Mrs. Eshton,C,0
18,span-based,Mrs. Eshton,I,1
18,span-based,Mrs. Eshton,DN,0
18,span-based,Mrs. Eshton,DC,2
18,span-based,Frederick Lynn,N,1
18,span-based,Frederick Lynn,A,2
18,span-based,Frederick Lynn,C,2
18,span-based,Frederick Lynn,I,1
18,span-based,Frederick Lynn,DN,1
18,span-based,Frederick Lynn,DC,1
18,span-based,Mr. Eshton,N,4
18,span-based,Mr. Eshton,A,3
18,span-based,Mr. Eshton,C,2
18,span-based,Mr. Eshton,I,1
18,span-based,Mr. Eshton,DN,1
18,span-based,Mr. Eshton,DC,2
18,span-based,Jane,N,0
18,span-based,Jane,A,5
18,span-based,Jane,C,4
18,span-based,Jane,I,8
18,span-based,Jane,DN,0
18,span-based,Jane,DC,8
18,span-based,Grace Poole,N,0
18,span-based,Grace Poole,A,0
18,span-based,Grace Poole,C,0
18,span-based,Grace Poole,I,0
18,span-based,Grace Poole,DN,0
18,span-based,Grace Poole,DC,1
18,span-based,Mr. Mason,N,2
18,span-based,Mr. Mason,A,3
18,span-based,Mr. Mason,C,5
18,span-based,Mr. Mason,I,1
18,span-based,Mr. Mason,DN,1
18,span-based,Mr. Mason,DC,0
18,span-based,Bertha Mason,N,0
18,span-based,Bertha Mason,A,0
18,span-based,Bertha Mason,C,0
18,span-based,Bertha Mason,I,0
18,span-based,Bertha Mason,DN,0
18,span-based,Bertha Mason,DC,2
18,span-based,Louisa Eshton,N,4
18,span-based,Louisa Eshton,A,3
18,span-based,Louisa Eshton,C,6
18,span-based,Louisa Eshton,I,0
18,span-based,Louisa Eshton,DN,1
18,span-based,Louisa Eshton,DC,4
18,span-based,Mrs. Fairfax,N,3
18,span-based,Mrs. Fairfax,A,2
18,span-based,Mrs. Fairfax,C,1
18,span-based,Mrs. Fairfax,I,0
18,span-based,Mrs. Fairfax,DN,1
18,span-based,Mrs. Fairfax,DC,1
18,span-based,Amy Eshton,N,2
18,span-based,Amy Eshton,A,2
18,span-based,Amy Eshton,C,0
18,span-based,Amy Eshton,I,0
18,span-based,Amy Eshton,DN,1
18,span-based,Amy Eshton,DC,0
18,span-based,Sir George Lynn,N,2
18,span-based,Sir George Lynn,A,4
18,span-based,Sir George Lynn,C,0
18,span-based,Sir George Lynn,I,0
18,span-based,Sir George Lynn,DN,1
18,span-based,Sir George Lynn,DC,0
18,span-based,Henry Lynn,N,2
18,span-based,Henry Lynn,A,2
18,span-based,Henry Lynn,C,1
18,span-based,Henry Lynn,I,0
18,span-based,Henry Lynn,DN,0
18,span-based,Henry Lynn,DC,0
18,span-based,Lady Ingram,N,28
18,span-based,Lady Ingram,A,4
18,span-based,Lady Ingram,C,21
18,span-based,Lady Ingram,I,2
18,span-based,Lady Ingram,DN,0
18,span-based,Lady Ingram,DC,6
30,span-based,Jane,N,2
30,span-based,Jane,A,9
30,span-based,Jane,C,12
30,span-based,Jane,I,10
30,span-based,Jane,DN,0
30,span-based,Jane,DC,26
30,span-based,Miss Oliver,N,1
30,span-based,Miss Oliver,A,1
30,span-based,Miss Oliver,C,0
30,span-based,Miss Oliver,I,1
30,span-based,Miss Oliver,DN,0
30,span-based,Miss Oliver,DC,2
30,span-based,Mr. Rivers,N,6
30,span-based,Mr. Rivers,A,10
30,span-based,Mr. Rivers,C,2
30,span-based,Mr. Rivers,I,6
30,span-based,Mr. Rivers,DN,0
30,span-based,Mr. Rivers,DC,14
30,span-based,St. John Rivers,N,2
30,span-based,St. John Rivers,A,10
30,span-based,St. John Rivers,C,31
30,span-based,St. John Rivers,I,2
30,span-based,St. John Rivers,DN,0
30,span-based,St. John Rivers,DC,6
30,span-based,Mary Rivers,N,2
30,span-based,Mary Rivers,A,5
30,span-based,Mary Rivers,C,1
30,span-based,Mary Rivers,I,2
30,span-based,Mary Rivers,DN,1
30,span-based,Mary Rivers,DC,6
30,span-based,Mr. Oliver,N,1
30,span-based,Mr. Oliver,A,1
30,span-based,Mr. Oliver,C,0
30,span-based,Mr. Oliver,I,0
30,span-based,Mr. Oliver,DN,0
30,span-based,Mr. Oliver,DC,8
30,span-based,Diana Rivers,N,0
30,span-based,Diana Rivers,A,6
30,span-based,Diana Rivers,C,8
30,span-based,Diana Rivers,I,4
30,span-based,Diana Rivers,DN,2
30,span-based,Diana Rivers,DC,2
24,span-based,Mr. Rochester,N,64
24,span-based,Mr. Rochester,A,12
24,span-based,Mr. Rochester,C,90
24,span-based,Mr. Rochester,I,4
24,span-based,Mr. Rochester,DN,3
24,span-based,Mr. Rochester,DC,118
24,span-based,Georgiana Reed,N,0
24,span-based,Georgiana Reed,A,0
24,span-based,Georgiana Reed,C,0
24,span-based,Georgiana Reed,I,0
24,span-based,Georgiana Reed,DN,0
24,span-based,Georgiana Reed,DC,2
24,span-based,Mr. Brocklehurst,N,0
24,span-based,Mr. Brocklehurst,A,0
24,span-based,Mr. Brocklehurst,C,0
24,span-based,Mr. Brocklehurst,I,0
24,span-based,Mr. Brocklehurst,DN,0
24,span-based,Mr. Brocklehurst,DC,0
24,span-based,Brocklehurst,N,0
24,span-based,Brocklehurst,A,0
24,span-based,Brocklehurst,C,0
24,span-based,Brocklehurst,I,0
24,span-based,Brocklehurst,DN,0
24,span-based,Brocklehurst,DC,0
24,span-based,Reed,N,1
24,span-based,Reed,A,0
24,span-based,Reed,C,0
24,span-based,Reed,I,0
24,span-based,Reed,DN,0
24,span-based,Reed,DC,0
24,span-based,Diana Rivers,N,0
24,span-based,Diana Rivers,A,0
24,span-based,Diana Rivers,C,0
24,span-based,Diana Rivers,I,0
24,span-based,Diana Rivers,DN,0
24,span-based,Diana Rivers,DC,0
24,span-based,Bertha Mason,N,0
24,span-based,Bertha Mason,A,0
24,span-based,Bertha Mason,C,0
24,span-based,Bertha Mason,I,0
24,span-based,Bertha Mason,DN,0
24,span-based,Bertha Mason,DC,2
24,span-based,Jane,N,8
24,span-based,Jane,A,24
24,span-based,Jane,C,81
24,span-based,Jane,I,13
24,span-based,Jane,DN,0
24,span-based,Jane,DC,101
24,span-based,Bessie,N,0
24,span-based,Bessie,A,0
24,span-based,Bessie,C,0
24,span-based,Bessie,I,0
24,span-based,Bessie,DN,0
24,span-based,Bessie,DC,0
24,span-based,Celine,N,2
24,span-based,Celine,A,0
24,span-based,Celine,C,0
24,span-based,Celine,I,0
24,span-based,Celine,DN,0
24,span-based,Celine,DC,0
24,span-based,John Reed,N,0
24,span-based,John Reed,A,0
24,span-based,John Reed,C,0
24,span-based,John Reed,I,0
24,span-based,John Reed,DN,0
24,span-based,John Reed,DC,0
24,span-based,Mary Rivers,N,0
24,span-based,Mary Rivers,A,0
24,span-based,Mary Rivers,C,0
24,span-based,Mary Rivers,I,0
24,span-based,Mary Rivers,DN,0
24,span-based,Mary Rivers,DC,0
24,span-based,Miss Temple,N,0
24,span-based,Miss Temple,A,0
24,span-based,Miss Temple,C,0
24,span-based,Miss Temple,I,0
24,span-based,Miss Temple,DN,0
24,span-based,Miss Temple,DC,0
24,span-based,Helen Burns,N,0
24,span-based,Helen Burns,A,0
24,span-based,Helen Burns,C,0
24,span-based,Helen Burns,I,0
24,span-based,Helen Burns,DN,0
24,span-based,Helen Burns,DC,0
24,span-based,Mrs. Fairfax,N,6
24,span-based,Mrs. Fairfax,A,4
24,span-based,Mrs. Fairfax,C,15
24,span-based,Mrs. Fairfax,I,3
24,span-based,Mrs. Fairfax,DN,2
24,span-based,Mrs. Fairfax,DC,6
24,span-based,St. John Rivers,N,0
24,span-based,St. John Rivers,A,0
24,span-based,St. John Rivers,C,0
24,span-based,St. John Rivers,I,0
24,span-based,St. John Rivers,DN,0
24,span-based,St. John Rivers,DC,0
24,span-based,Georgiana,N,0
24,span-based,Georgiana,A,0
24,span-based,Georgiana,C,0
24,span-based,Georgiana,I,0
24,span-based,Georgiana,DN,0
24,span-based,Georgiana,DC,0
24,span-based,Celine Varens,N,2
24,span-based,Celine Varens,A,0
24,span-based,Celine Varens,C,0
24,span-based,Celine Varens,I,0
24,span-based,Celine Varens,DN,0
24,span-based,Celine Varens,DC,6
32,span-based,Mr. Rochester,N,1
32,span-based,Mr. Rochester,A,3
32,span-based,Mr. Rochester,C,0
32,span-based,Mr. Rochester,I,2
32,span-based,Mr. Rochester,DN,1
32,span-based,Mr. Rochester,DC,10
32,span-based,Adele,N,1
32,span-based,Adele,A,0
32,span-based,Adele,C,0
32,span-based,Adele,I,0
32,span-based,Adele,DN,1
32,span-based,Adele,DC,12
32,span-based,St. John Rivers,N,6
32,span-based,St. John Rivers,A,17
32,span-based,St. John Rivers,C,51
32,span-based,St. John Rivers,I,8
32,span-based,St. John Rivers,DN,5
32,span-based,St. John Rivers,DC,12
32,span-based,Mary Rivers,N,0
32,span-based,Mary Rivers,A,0
32,span-based,Mary Rivers,C,2
32,span-based,Mary Rivers,I,0
32,span-based,Mary Rivers,DN,0
32,span-based,Mary Rivers,DC,5
32,span-based,Mr. Oliver,N,4
32,span-based,Mr. Oliver,A,3
32,span-based,Mr. Oliver,C,0
32,span-based,Mr. Oliver,I,2
32,span-based,Mr. Oliver,DN,1
32,span-based,Mr. Oliver,DC,9
32,span-based,Diana Rivers,N,0
32,span-based,Diana Rivers,A,0
32,span-based,Diana Rivers,C,0
32,span-based,Diana Rivers,I,0
32,span-based,Diana Rivers,DN,0
32,span-based,Diana Rivers,DC,0
26,span-based,Richard Mason,N,10
26,span-based,Richard Mason,A,4
26,span-based,Richard Mason,C,1
26,span-based,Richard Mason,I,2
26,span-based,Richard Mason,DN,0
26,span-based,Richard Mason,DC,4
26,span-based,Mr. Wood,N,4
26,span-based,Mr. Wood,A,6
26,span-based,Mr. Wood,C,8
26,span-based,Mr. Wood,I,1
26,span-based,Mr. Wood,DN,0
26,span-based,Mr. Wood,DC,8
26,span-based,Mr. Rochester,N,29
26,span-based,Mr. Rochester,A,20
26,span-based,Mr. Rochester,C,40
26,span-based,Mr. Rochester,I,5
26,span-based,Mr. Rochester,DN,7
26,span-based,Mr. Rochester,DC,21
26,span-based,Mr. Mason,N,8
26,span-based,Mr. Mason,A,0
26,span-based,Mr. Mason,C,5
26,span-based,Mr. Mason,I,0
26,span-based,Mr. Mason,DN,2
26,span-based,Mr. Mason,DC,19
26,span-based,Jane,N,5
26,span-based,Jane,A,10
26,span-based,Jane,C,4
26,span-based,Jane,I,8
26,span-based,Jane,DN,0
26,span-based,Jane,DC,22
26,span-based,Grace Poole,N,6
26,span-based,Grace Poole,A,4
26,span-based,Grace Poole,C,9
26,span-based,Grace Poole,I,1
26,span-based,Grace Poole,DN,2
26,span-based,Grace Poole,DC,3
26,span-based,Adele,N,1
26,span-based,Adele,A,1
26,span-based,Adele,C,0
26,span-based,Adele,I,1
26,span-based,Adele,DN,0
26,span-based,Adele,DC,0
26,span-based,Bertha Mason,N,2
26,span-based,Bertha Mason,A,4
26,span-based,Bertha Mason,C,0
26,span-based,Bertha Mason,I,3
26,span-based,Bertha Mason,DN,3
26,span-based,Bertha Mason,DC,31
26,span-based,Mr. Briggs,N,1
26,span-based,Mr. Briggs,A,2
26,span-based,Mr. Briggs,C,21
26,span-based,Mr. Briggs,I,1
26,span-based,Mr. Briggs,DN,0
26,span-based,Mr. Briggs,DC,8
26,span-based,Mrs. Fairfax,N,2
26,span-based,Mrs. Fairfax,A,2
26,span-based,Mrs. Fairfax,C,0
26,span-based,Mrs. Fairfax,I,1
26,span-based,Mrs. Fairfax,DN,1
26,span-based,Mrs. Fairfax,DC,0
27,span-based,Mrs. Fairfax,N,6
27,span-based,Mrs. Fairfax,A,1
27,span-based,Mrs. Fairfax,C,0
27,span-based,Mrs. Fairfax,I,0
27,span-based,Mrs. Fairfax,DN,0
27,span-based,Mrs. Fairfax,DC,6
27,span-based,Mr. Rochester,N,14
27,span-based,Mr. Rochester,A,16
27,span-based,Mr. Rochester,C,93
27,span-based,Mr. Rochester,I,3
27,span-based,Mr. Rochester,DN,5
27,span-based,Mr. Rochester,DC,46
27,span-based,Bertha Mason,N,5
27,span-based,Bertha Mason,A,0
27,span-based,Bertha Mason,C,0
27,span-based,Bertha Mason,I,0
27,span-based,Bertha Mason,DN,1
27,span-based,Bertha Mason,DC,69
27,span-based,Jane,N,61
27,span-based,Jane,A,38
27,span-based,Jane,C,70
27,span-based,Jane,I,13
27,span-based,Jane,DN,3
27,span-based,Jane,DC,196
33,span-based,Mr. Rochester,N,10
33,span-based,Mr. Rochester,A,0
33,span-based,Mr. Rochester,C,0
33,span-based,Mr. Rochester,I,2
33,span-based,Mr. Rochester,DN,0
33,span-based,Mr. Rochester,DC,33
33,span-based,Reed,N,2
33,span-based,Reed,A,0
33,span-based,Reed,C,0
33,span-based,Reed,I,0
33,span-based,Reed,DN,0
33,span-based,Reed,DC,4
33,span-based,Mrs. Reed,N,2
33,span-based,Mrs. Reed,A,0
33,span-based,Mrs. Reed,C,0
33,span-based,Mrs. Reed,I,0
33,span-based,Mrs. Reed,DN,0
33,span-based,Mrs. Reed,DC,4
33,span-based,Bertha Mason,N,0
33,span-based,Bertha Mason,A,0
33,span-based,Bertha Mason,C,0
33,span-based,Bertha Mason,I,0
33,span-based,Bertha Mason,DN,0
33,span-based,Bertha Mason,DC,1
33,span-based,Jane,N,4
33,span-based,Jane,A,12
33,span-based,Jane,C,49
33,span-based,Jane,I,7
33,span-based,Jane,DN,0
33,span-based,Jane,DC,49
33,span-based,Diana Rivers,N,0
33,span-based,Diana Rivers,A,0
33,span-based,Diana Rivers,C,0
33,span-based,Diana Rivers,I,0
33,span-based,Diana Rivers,DN,1
33,span-based,Diana Rivers,DC,14
33,span-based,Celine,N,0
33,span-based,Celine,A,0
33,span-based,Celine,C,0
33,span-based,Celine,I,0
33,span-based,Celine,DN,0
33,span-based,Celine,DC,1
33,span-based,Mr. Briggs,N,6
33,span-based,Mr. Briggs,A,0
33,span-based,Mr. Briggs,C,1
33,span-based,Mr. Briggs,I,0
33,span-based,Mr. Briggs,DN,0
33,span-based,Mr. Briggs,DC,14
33,span-based,St. John Rivers,N,1
33,span-based,St. John Rivers,A,17
33,span-based,St. John Rivers,C,95
33,span-based,St. John Rivers,I,5
33,span-based,St. John Rivers,DN,5
33,span-based,St. John Rivers,DC,9
33,span-based,Helen Burns,N,0
33,span-based,Helen Burns,A,0
33,span-based,Helen Burns,C,0
33,span-based,Helen Burns,I,0
33,span-based,Helen Burns,DN,0
33,span-based,Helen Burns,DC,1
33,span-based,Mary Rivers,N,0
33,span-based,Mary Rivers,A,0
33,span-based,Mary Rivers,C,0
33,span-based,Mary Rivers,I,0
33,span-based,Mary Rivers,DN,1
33,span-based,Mary Rivers,DC,12
33,span-based,Mr. Oliver,N,2
33,span-based,Mr. Oliver,A,0
33,span-based,Mr. Oliver,C,1
33,span-based,Mr. Oliver,I,0
33,span-based,Mr. Oliver,DN,0
33,span-based,Mr. Oliver,DC,5
33,span-based,Celine Varens,N,0
33,span-based,Celine Varens,A,0
33,span-based,Celine Varens,C,0
33,span-based,Celine Varens,I,0
33,span-based,Celine Varens,DN,0
33,span-based,Celine Varens,DC,1
37,span-based,St. John Rivers,N,2
37,span-based,St. John Rivers,A,0
37,span-based,St. John Rivers,C,4
37,span-based,St. John Rivers,I,0
37,span-based,St. John Rivers,DN,0
37,span-based,St. John Rivers,DC,58
37,span-based,Mr. Rochester,N,12
37,span-based,Mr. Rochester,A,27
37,span-based,Mr. Rochester,C,136
37,span-based,Mr. Rochester,I,7
37,span-based,Mr. Rochester,DN,10
37,span-based,Mr. Rochester,DC,81
37,span-based,Bertha Mason,N,0
37,span-based,Bertha Mason,A,0
37,span-based,Bertha Mason,C,0
37,span-based,Bertha Mason,I,0
37,span-based,Bertha Mason,DN,0
37,span-based,Bertha Mason,DC,3
37,span-based,Jane,N,3
37,span-based,Jane,A,20
37,span-based,Jane,C,94
37,span-based,Jane,I,0
37,span-based,Jane,DN,0
37,span-based,Jane,DC,139
23,span-based,Mr. Rochester,N,34
23,span-based,Mr. Rochester,A,10
23,span-based,Mr. Rochester,C,90
23,span-based,Mr. Rochester,I,4
23,span-based,Mr. Rochester,DN,9
23,span-based,Mr. Rochester,DC,38
23,span-based,Mrs. Fairfax,N,2
23,span-based,Mrs. Fairfax,A,1
23,span-based,Mrs. Fairfax,C,0
23,span-based,Mrs. Fairfax,I,1
23,span-based,Mrs. Fairfax,DN,1
23,span-based,Mrs. Fairfax,DC,8
22,span-based,Mr. Gibson,N,1
22,span-based,Mr. Gibson,A,0
22,span-based,Mr. Gibson,C,0
22,span-based,Mr. Gibson,I,0
22,span-based,Mr. Gibson,DN,0
22,span-based,Mr. Gibson,DC,0
22,span-based,Mr. Rochester,N,11
22,span-based,Mr. Rochester,A,4
22,span-based,Mr. Rochester,C,11
22,span-based,Mr. Rochester,I,3
22,span-based,Mr. Rochester,DN,3
22,span-based,Mr. Rochester,DC,10
22,span-based,Georgiana Reed,N,0
22,span-based,Georgiana Reed,A,3
22,span-based,Georgiana Reed,C,0
22,span-based,Georgiana Reed,I,2
22,span-based,Georgiana Reed,DN,1
22,span-based,Georgiana Reed,DC,1
22,span-based,Reed,N,1
22,span-based,Reed,A,0
22,span-based,Reed,C,0
22,span-based,Reed,I,0
22,span-based,Reed,DN,0
22,span-based,Reed,DC,0
22,span-based,Blanche Ingram,N,2
22,span-based,Blanche Ingram,A,0
22,span-based,Blanche Ingram,C,0
22,span-based,Blanche Ingram,I,0
22,span-based,Blanche Ingram,DN,0
22,span-based,Blanche Ingram,DC,0
22,span-based,Mrs. Reed,N,1
22,span-based,Mrs. Reed,A,0
22,span-based,Mrs. Reed,C,0
22,span-based,Mrs. Reed,I,0
22,span-based,Mrs. Reed,DN,0
22,span-based,Mrs. Reed,DC,0
22,span-based,Jane,N,2
22,span-based,Jane,A,12
22,span-based,Jane,C,14
22,span-based,Jane,I,7
22,span-based,Jane,DN,0
22,span-based,Jane,DC,18
22,span-based,Mrs. Fairfax,N,8
22,span-based,Mrs. Fairfax,A,0
22,span-based,Mrs. Fairfax,C,1
22,span-based,Mrs. Fairfax,I,0
22,span-based,Mrs. Fairfax,DN,0
22,span-based,Mrs. Fairfax,DC,4
22,span-based,Eliza Reed,N,0
22,span-based,Eliza Reed,A,5
22,span-based,Eliza Reed,C,6
22,span-based,Eliza Reed,I,3
22,span-based,Eliza Reed,DN,2
22,span-based,Eliza Reed,DC,2
22,span-based,Georgiana,N,6
22,span-based,Georgiana,A,0
22,span-based,Georgiana,C,0
22,span-based,Georgiana,I,0
22,span-based,Georgiana,DN,0
22,span-based,Georgiana,DC,2
36,span-based,Mr. Rochester,N,16
36,span-based,Mr. Rochester,A,2
36,span-based,Mr. Rochester,C,23
36,span-based,Mr. Rochester,I,0
36,span-based,Mr. Rochester,DN,0
36,span-based,Mr. Rochester,DC,46
36,span-based,Mr. Reed,N,0
36,span-based,Mr. Reed,A,0
36,span-based,Mr. Reed,C,0
36,span-based,Mr. Reed,I,0
36,span-based,Mr. Reed,DN,0
36,span-based,Mr. Reed,DC,0
36,span-based,Reed,N,0
36,span-based,Reed,A,0
36,span-based,Reed,C,0
36,span-based,Reed,I,0
36,span-based,Reed,DN,0
36,span-based,Reed,DC,0
36,span-based,Bertha Mason,N,4
36,span-based,Bertha Mason,A,6
36,span-based,Bertha Mason,C,0
36,span-based,Bertha Mason,I,0
36,span-based,Bertha Mason,DN,0
36,span-based,Bertha Mason,DC,21
36,span-based,Jane,N,2
36,span-based,Jane,A,12
36,span-based,Jane,C,32
36,span-based,Jane,I,16
36,span-based,Jane,DN,0
36,span-based,Jane,DC,13
36,span-based,Adele,N,1
36,span-based,Adele,A,0
36,span-based,Adele,C,0
36,span-based,Adele,I,0
36,span-based,Adele,DN,0
36,span-based,Adele,DC,0
36,span-based,Grace Poole,N,2
36,span-based,Grace Poole,A,2
36,span-based,Grace Poole,C,0
36,span-based,Grace Poole,I,0
36,span-based,Grace Poole,DN,1
36,span-based,Grace Poole,DC,1
36,span-based,Mr. Carter,N,1
36,span-based,Mr. Carter,A,1
36,span-based,Mr. Carter,C,0
36,span-based,Mr. Carter,I,0
36,span-based,Mr. Carter,DN,1
36,span-based,Mr. Carter,DC,5
36,span-based,Mrs. Fairfax,N,1
36,span-based,Mrs. Fairfax,A,0
36,span-based,Mrs. Fairfax,C,0
36,span-based,Mrs. Fairfax,I,0
36,span-based,Mrs. Fairfax,DN,0
36,span-based,Mrs. Fairfax,DC,1
36,span-based,St. John Rivers,N,0
36,span-based,St. John Rivers,A,2
36,span-based,St. John Rivers,C,3
36,span-based,St. John Rivers,I,0
36,span-based,St. John Rivers,DN,1
36,span-based,St. John Rivers,DC,0
36,span-based,Mary Rivers,N,1
36,span-based,Mary Rivers,A,1
36,span-based,Mary Rivers,C,0
36,span-based,Mary Rivers,I,0
36,span-based,Mary Rivers,DN,1
36,span-based,Mary Rivers,DC,0
36,span-based,Diana Rivers,N,2
36,span-based,Diana Rivers,A,1
36,span-based,Diana Rivers,C,2
36,span-based,Diana Rivers,I,0
36,span-based,Diana Rivers,DN,1
36,span-based,Diana Rivers,DC,0
20,span-based,Mr. Rochester,N,26
20,span-based,Mr. Rochester,A,25
20,span-based,Mr. Rochester,C,96
20,span-based,Mr. Rochester,I,6
20,span-based,Mr. Rochester,DN,10
20,span-based,Mr. Rochester,DC,28
20,span-based,Colonel Dent,N,1
20,span-based,Colonel Dent,A,2
20,span-based,Colonel Dent,C,8
20,span-based,Colonel Dent,I,1
20,span-based,Colonel Dent,DN,1
20,span-based,Colonel Dent,DC,2
20,span-based,Mr. Mason,N,15
20,span-based,Mr. Mason,A,7
20,span-based,Mr. Mason,C,19
20,span-based,Mr. Mason,I,4
20,span-based,Mr. Mason,DN,3
20,span-based,Mr. Mason,DC,48
20,span-based,Jane,N,24
20,span-based,Jane,A,26
20,span-based,Jane,C,26
20,span-based,Jane,I,15
20,span-based,Jane,DN,0
20,span-based,Jane,DC,61
20,span-based,Grace Poole,N,3
20,span-based,Grace Poole,A,1
20,span-based,Grace Poole,C,0
20,span-based,Grace Poole,I,1
20,span-based,Grace Poole,DN,2
20,span-based,Grace Poole,DC,13
20,span-based,Mrs. Fairfax,N,1
20,span-based,Mrs. Fairfax,A,0
20,span-based,Mrs. Fairfax,C,0
20,span-based,Mrs. Fairfax,I,0
20,span-based,Mrs. Fairfax,DN,0
20,span-based,Mrs. Fairfax,DC,3
20,span-based,Mr. Carter,N,0
20,span-based,Mr. Carter,A,2
20,span-based,Mr. Carter,C,4
20,span-based,Mr. Carter,I,0
20,span-based,Mr. Carter,DN,0
20,span-based,Mr. Carter,DC,11
34,span-based,Hannah,N,12
34,span-based,Hannah,A,3
34,span-based,Hannah,C,5
34,span-based,Hannah,I,2
34,span-based,Hannah,DN,1
34,span-based,Hannah,DC,33
34,span-based,Mr. Granby,N,1
34,span-based,Mr. Granby,A,0
34,span-based,Mr. Granby,C,0
34,span-based,Mr. Granby,I,0
34,span-based,Mr. Granby,DN,0
34,span-based,Mr. Granby,DC,33
34,span-based,Jane,N,20
34,span-based,Jane,A,18
34,span-based,Jane,C,48
34,span-based,Jane,I,14
34,span-based,Jane,DN,0
34,span-based,Jane,DC,51
34,span-based,Sir Frederic Granby,N,1
34,span-based,Sir Frederic Granby,A,0
34,span-based,Sir Frederic Granby,C,0
34,span-based,Sir Frederic Granby,I,0
34,span-based,Sir Frederic Granby,DN,0
34,span-based,Sir Frederic Granby,DC,2
34,span-based,Miss Oliver,N,1
34,span-based,Miss Oliver,A,0
34,span-based,Miss Oliver,C,0
34,span-based,Miss Oliver,I,0
34,span-based,Miss Oliver,DN,0
34,span-based,Miss Oliver,DC,0
34,span-based,Mr. Briggs,N,2
34,span-based,Mr. Briggs,A,0
34,span-based,Mr. Briggs,C,0
34,span-based,Mr. Briggs,I,0
34,span-based,Mr. Briggs,DN,0
34,span-based,Mr. Briggs,DC,0
34,span-based,Mr. Rivers,N,3
34,span-based,Mr. Rivers,A,6
34,span-based,Mr. Rivers,C,67
34,span-based,Mr. Rivers,I,4
34,span-based,Mr. Rivers,DN,6
34,span-based,Mr. Rivers,DC,15
34,span-based,Mary Rivers,N,0
34,span-based,Mary Rivers,A,1
34,span-based,Mary Rivers,C,1
34,span-based,Mary Rivers,I,2
34,span-based,Mary Rivers,DN,1
34,span-based,Mary Rivers,DC,4
34,span-based,Diana Rivers,N,0
34,span-based,Diana Rivers,A,2
34,span-based,Diana Rivers,C,6
34,span-based,Diana Rivers,I,1
34,span-based,Diana Rivers,DN,2
34,span-based,Diana Rivers,DC,2
35,span-based,Mr. Rochester,N,3
35,span-based,Mr. Rochester,A,3
35,span-based,Mr. Rochester,C,1
35,span-based,Mr. Rochester,I,0
35,span-based,Mr. Rochester,DN,2
35,span-based,Mr. Rochester,DC,10
35,span-based,Jane,N,12
35,span-based,Jane,A,9
35,span-based,Jane,C,42
35,span-based,Jane,I,16
35,span-based,Jane,DN,0
35,span-based,Jane,DC,51
35,span-based,St. John Rivers,N,0
35,span-based,St. John Rivers,A,11
35,span-based,St. John Rivers,C,24
35,span-based,St. John Rivers,I,7
35,span-based,St. John Rivers,DN,7
35,span-based,St. John Rivers,DC,49
35,span-based,Mary Rivers,N,0
35,span-based,Mary Rivers,A,1
35,span-based,Mary Rivers,C,0
35,span-based,Mary Rivers,I,0
35,span-based,Mary Rivers,DN,0
35,span-based,Mary Rivers,DC,4
35,span-based,Diana Rivers,N,0
35,span-based,Diana Rivers,A,4
35,span-based,Diana Rivers,C,15
35,span-based,Diana Rivers,I,3
35,span-based,Diana Rivers,DN,2
35,span-based,Diana Rivers,DC,3
21,span-based,Mr. Rochester,N,9
21,span-based,Mr. Rochester,A,8
21,span-based,Mr. Rochester,C,40
21,span-based,Mr. Rochester,I,7
21,span-based,Mr. Rochester,DN,1
21,span-based,Mr. Rochester,DC,27
21,span-based,Georgiana Reed,N,1
21,span-based,Georgiana Reed,A,6
21,span-based,Georgiana Reed,C,7
21,span-based,Georgiana Reed,I,5
21,span-based,Georgiana Reed,DN,2
21,span-based,Georgiana Reed,DC,15
21,span-based,Mr. Reed,N,2
21,span-based,Mr. Reed,A,0
21,span-based,Mr. Reed,C,0
21,span-based,Mr. Reed,I,0
21,span-based,Mr. Reed,DN,0
21,span-based,Mr. Reed,DC,17
21,span-based,Reed,N,29
21,span-based,Reed,A,0
21,span-based,Reed,C,0
21,span-based,Reed,I,0
21,span-based,Reed,DN,0
21,span-based,Reed,DC,20
21,span-based,Mrs. Reed,N,19
21,span-based,Mrs. Reed,A,6
21,span-based,Mrs. Reed,C,42
21,span-based,Mrs. Reed,I,5
21,span-based,Mrs. Reed,DN,0
21,span-based,Mrs. Reed,DC,54
21,span-based,Jane,N,8
21,span-based,Jane,A,17
21,span-based,Jane,C,65
21,span-based,Jane,I,5
21,span-based,Jane,DN,0
21,span-based,Jane,DC,83
21,span-based,Adele,N,3
21,span-based,Adele,A,0
21,span-based,Adele,C,0
21,span-based,Adele,I,0
21,span-based,Adele,DN,0
21,span-based,Adele,DC,3
21,span-based,Bessie,N,1
21,span-based,Bessie,A,7
21,span-based,Bessie,C,9
21,span-based,Bessie,I,2
21,span-based,Bessie,DN,0
21,span-based,Bessie,DC,10
21,span-based,Robert L,N,1
21,span-based,Robert L,A,3
21,span-based,Robert L,C,13
21,span-based,Robert L,I,1
21,span-based,Robert L,DN,0
21,span-based,Robert L,DC,1
21,span-based,John Reed,N,4
21,span-based,John Reed,A,0
21,span-based,John Reed,C,0
21,span-based,John Reed,I,2
21,span-based,John Reed,DN,0
21,span-based,John Reed,DC,18
21,span-based,Eliza Reed,N,0
21,span-based,Eliza Reed,A,6
21,span-based,Eliza Reed,C,6
21,span-based,Eliza Reed,I,3
21,span-based,Eliza Reed,DN,1
21,span-based,Eliza Reed,DC,0
21,span-based,Georgiana,N,22
21,span-based,Georgiana,A,0
21,span-based,Georgiana,C,0
21,span-based,Georgiana,I,0
21,span-based,Georgiana,DN,0
21,span-based,Georgiana,DC,7
