Chapter,Character,N,A,I,C,DC,DN,Score
1,Mr. Bennet,6,3,7,12,3,3,34
1,Mr. Bingley,4,1,2,0,4,0,11
1,Lizzy,3,0,0,0,3,0,6
1,Mrs. Long,2,0,0,0,2,0,4
1,Jane,0,0,0,0,1,0,1
1,Lady Lucas,0,0,0,0,1,0,1
1,Lydia,0,0,0,0,1,0,1
1,Michaelmas,0,0,0,0,1,0,1
1,Mr. Morris,0,0,0,0,1,0,1
1,Sir William,0,0,0,0,1,0,1
2,Mr. Bennet,6,2,2,4,2,4,20
2,Mr. Bingley,7,0,2,0,6,1,16
2,Mrs. Bennet,3,1,2,6,0,3,15
2,Kitty,4,1,1,2,3,1,12
2,Mrs. Long,4,1,2,0,4,0,11
2,Lizzy,3,0,0,2,2,1,8
2,Mary,3,0,2,0,2,1,8
2,Lydia,2,0,0,2,1,1,6
3,Mr. Bingley,14,7,11,3,1,13,49
3,Mr. Darcy,7,6,2,6,0,6,27
3,Mrs. Bennet,7,2,4,6,0,7,26
3,Mr. Bennet,4,7,7,0,1,3,22
3,Elizabeth,6,0,2,0,2,4,14
3,Jane,5,1,0,0,1,2,9
3,Lady Lucas,2,0,0,0,0,2,4
3,Miss Bingley,2,0,0,0,0,2,4
3,Mrs. Hurst,2,0,0,0,1,1,4
3,Mary,1,0,1,0,0,1,3
3,Catherine,0,0,0,0,0,1,1
3,God,0,0,0,0,1,0,1
3,Lydia,0,0,0,0,0,1,1
3,Maria Lucas,0,0,0,0,1,0,1
3,Miss King,0,0,0,0,1,0,1
3,Miss Lucas,0,0,0,0,1,0,1
3,Mr. Hurst,0,0,0,0,0,1,1
3,Sir William,0,0,0,0,0,1,1
3,the _ Boulanger_----,0,0,0,0,1,0,1
3,the eldest Miss Bennet,0,0,0,0,0,1,1
4,Bingley,9,2,7,0,0,9,27
4,Jane,1,0,9,6,0,1,17
4,Elizabeth,4,0,3,5,1,3,16
4,Darcy,7,0,1,0,0,7,15
4,Miss Bennet,3,0,0,0,0,3,6
4,Mrs. Hurst,2,0,1,0,0,2,5
4,Miss Bingley,2,0,0,0,1,1,4
5,Mrs. Bennet,3,0,5,9,0,3,20
5,Elizabeth,7,0,0,2,5,2,16
5,Miss Lucas,3,1,3,4,0,3,14
5,Charlotte,2,0,3,5,1,1,12
5,Mr. Darcy,3,2,4,0,3,0,12
5,Jane,3,0,1,4,1,2,11
5,Mr. Bingley,1,0,6,0,1,0,8
5,Mrs. Long,4,0,0,0,3,0,7
5,Mary,1,0,2,2,0,1,6
5,Mr. Robinson,3,0,0,0,2,0,5
5,Sir William Lucas,1,1,2,0,0,1,5
5,the Bennets,2,1,0,0,0,2,5
5,Lady Lucas,0,0,0,0,0,1,1
5,Longbourn,0,0,0,0,0,1,1
5,Miss Bingley,0,0,0,0,1,0,1
5,St. James,0,0,0,0,0,1,1
5,the Miss Lucases,0,0,0,0,0,1,1
5,the eldest Miss Bennet,0,0,0,0,1,0,1
6,Elizabeth,17,3,5,4,7,10,46
6,Mr. Darcy,14,1,11,4,5,7,42
6,Jane,9,2,8,2,4,4,29
6,Sir William,5,2,5,10,0,5,27
6,Miss Lucas,4,4,1,8,0,4,21
6,Charlotte,4,0,3,7,1,3,18
6,Miss Bingley,5,1,4,3,2,3,18
6,"Sir William,--",1,1,4,9,0,1,16
6,Mary,3,1,0,0,0,3,7
6,Colonel Forster,2,0,0,0,2,0,4
6,Mr. Bingley,2,0,0,0,0,2,4
6,Commerce,0,0,0,0,1,0,1
6,Lady Lucas,0,0,0,0,1,0,1
6,"Miss Bingley,--",0,0,0,0,0,1,1
6,Mrs. Hurst,0,0,0,0,0,1,1
6,Netherfield,0,0,0,0,0,1,1
6,Vingt - un,0,0,0,0,1,0,1
7,Elizabeth,15,7,4,8,2,13,49
7,Jane,12,1,2,2,2,9,28
7,Mrs. Bennet,5,0,4,14,0,5,28
7,Lydia,6,0,4,8,0,6,24
7,Mr. Bennet,5,0,1,3,2,3,14
7,Miss Bingley,5,0,2,0,1,4,12
7,Captain Carter,3,3,0,0,2,1,9
7,Catherine,3,0,0,1,0,3,7
7,Colonel Forster,2,1,1,0,2,0,6
7,Mr. Bingley,3,0,0,0,2,1,6
7,Mary,1,0,1,2,0,1,5
7,a Mr. Philips,2,1,0,0,0,2,5
7,Miss Bennet,2,0,0,0,0,2,4
7,Mr. Darcy,1,0,0,0,0,1,2
7,Mr. Jones,1,0,0,0,1,0,2
7,CAROLINE BINGLEY,0,0,0,0,1,0,1
7,Clarke,0,0,0,0,1,0,1
7,Elizabeth:--,0,0,0,0,0,1,1
7,Louisa,0,0,0,0,1,0,1
7,Mamma,0,0,0,0,1,0,1
7,Miss Watson,0,0,0,0,1,0,1
7,Mr. Hurst,0,0,0,0,0,1,1
7,Mrs. Hurst,0,0,0,0,0,1,1
7,Mrs. Philips,0,0,0,0,0,1,1
7,Sir William,0,0,0,0,1,0,1
8,Miss Bingley,19,0,12,35,0,19,85
8,Elizabeth,16,7,8,4,4,12,51
8,Mr. Hurst,3,1,7,9,0,3,23
8,Darcy,4,0,2,8,1,3,18
8,Mr. Darcy,6,0,1,1,4,2,14
8,Jane,5,1,2,0,1,4,13
8,Mrs. Hurst,3,0,3,3,0,3,12
8,Charles,3,0,1,0,3,0,7
8,Louisa,2,0,3,0,2,0,7
8,Mr. Bingley,2,0,0,0,0,2,4
8,Mr. Jones,2,0,0,0,0,2,4
8,Caroline,0,0,0,0,1,0,1
9,Elizabeth,10,4,10,11,1,9,45
9,Mr. Bingley,12,0,4,6,4,8,34
9,Mrs. Bennet,9,2,7,7,0,9,34
9,Darcy,8,1,1,3,1,7,21
9,Miss Bingley,5,0,3,6,0,5,19
9,Jane,8,0,1,0,2,5,16
9,Charlotte,3,1,1,0,2,1,8
9,Lydia,2,1,0,2,0,2,7
9,Miss Bennet,2,0,0,0,1,1,4
9,Lady Lucas,1,0,1,0,1,0,3
9,Colonel Forster,1,0,0,0,1,0,2
9,Sir William,1,0,0,0,1,0,2
9,the Lucases,1,0,0,0,1,0,2
9,Captain Carter,0,0,0,0,1,0,1
9,Longbourn,0,0,0,0,0,1,1
9,Mr. Jones,0,0,0,0,1,0,1
10,Mr. Darcy,20,3,34,16,5,11,89
10,Elizabeth,16,7,10,10,1,15,59
10,Miss Bingley,10,2,6,8,1,9,36
10,Mr. Bingley,8,0,2,5,4,4,23
10,Mrs. Hurst,5,3,1,2,0,5,16
10,Miss Bennet,4,0,0,0,4,0,8
10,Jane,2,0,0,0,0,2,4
10,Charles,1,0,1,0,1,0,3
10,Miss Darcy,1,1,0,0,1,0,3
10,Caroline,0,0,0,0,1,0,1
10,Miss Grantley,0,0,0,0,1,0,1
10,Mr. Hurst,0,0,0,0,0,1,1
10,Mrs. Bennet,0,0,0,0,1,0,1
10,Philips,0,0,0,0,1,0,1
11,Elizabeth,17,2,11,15,1,16,62
11,Miss Bingley,11,7,8,14,1,10,51
11,Mr. Darcy,14,6,10,6,5,9,50
11,Mr. Hurst,5,1,1,0,1,4,12
11,Louisa,1,0,0,0,1,0,2
11,Caroline,0,0,0,0,1,0,1
11,Charles,0,0,0,0,1,0,1
11,Jane,0,0,0,0,0,1,1
11,Mrs. Hurst,0,0,0,0,0,1,1
11,Nicholls,0,0,0,0,1,0,1
12,Elizabeth,7,0,3,0,0,7,17
12,Jane,7,0,2,0,0,7,16
12,Miss Bingley,3,1,0,0,0,3,7
12,Mrs. Bennet,3,0,1,0,0,3,7
12,Mr. Darcy,1,0,3,0,0,1,5
12,Mr. Bingley,2,0,0,0,0,2,4
12,Catherine,0,0,0,0,0,1,1
12,Colonel Forster,0,0,0,0,0,1,1
12,Lydia,0,0,0,0,0,1,1
12,Mary,0,0,0,0,0,1,1
12,Miss Bennet,0,0,0,0,0,1,1
13,Mrs. Bennet,7,1,11,10,0,7,36
13,Mr. Bennet,4,1,0,11,0,4,20
13,Mr. Collins,6,0,4,0,2,4,16
13,Elizabeth,2,0,3,3,0,2,10
13,Jane,3,2,0,2,1,2,10
13,Lady Catherine,5,0,0,0,2,2,9
13,Lydia,2,0,1,0,1,1,5
13,Mary,1,0,1,2,0,1,5
13,Mr. Bingley,3,0,0,0,2,0,5
13,Charlotte Lucas,1,0,1,0,1,0,3
13,Hill,0,0,0,0,1,0,1
13,Sir Lewis de Bourgh,0,0,0,0,1,0,1
13,WILLIAM COLLINS,0,0,0,0,1,0,1
14,Mr. Bennet,8,0,17,3,0,8,36
14,Mr. Collins,4,4,6,1,0,4,19
14,Lady Catherine,7,1,2,4,0,4,18
14,Mrs. Bennet,3,1,2,6,0,3,15
14,Lydia,4,2,1,2,0,4,13
14,Colonel Forster,0,0,0,0,1,0,1
14,Elizabeth,0,0,0,0,0,1,1
14,Fordyce,0,0,0,0,1,0,1
14,Miss de Bourgh,0,0,0,0,1,0,1
14,Mr. Denny,0,0,0,0,1,0,1
14,Philips,0,0,0,0,1,0,1
14,Richard,0,0,0,0,1,0,1
15,Mr. Collins,9,2,7,1,0,9,28
15,Elizabeth,6,0,1,0,0,6,13
15,Lydia,5,2,1,0,0,5,13
15,Mrs. Philips,5,1,2,0,0,5,13
15,Mr. Wickham,5,2,0,0,0,5,12
15,Mrs. Bennet,4,1,3,0,0,4,12
15,Jane,5,0,1,0,0,5,11
15,Kitty,4,2,1,0,0,4,11
15,Mr. Denny,4,2,0,0,0,4,10
15,Bingley,3,2,0,0,0,3,8
15,Miss Bennet,2,0,4,0,0,2,8
15,Mr. Darcy,3,0,1,0,0,3,7
15,Mr. Bennet,3,0,0,0,0,3,6
15,Mary,0,0,0,0,0,1,1
15,Mr. Jones,0,0,0,0,0,1,1
15,Mr. Philips,0,0,0,0,0,1,1
15,the Longbourn,0,0,0,0,0,1,1
15,the Miss Bennets,0,0,0,0,0,1,1
15,the Philipses,0,0,0,0,0,1,1
16,Elizabeth,18,1,36,24,0,18,97
16,Mr. Wickham,19,4,20,30,0,19,92
16,Mr. Darcy,18,2,17,0,11,2,50
16,Mr. Collins,9,0,8,2,2,7,28
16,Mrs. Philips,9,0,6,0,0,9,24
16,Lady Catherine,7,0,1,0,5,2,15
16,Lydia,4,0,0,0,0,4,8
16,Mr. Bingley,3,0,2,0,1,0,6
16,Meryton,2,0,0,0,1,1,4
16,Miss Bennet,2,0,0,0,2,0,4
16,Miss Darcy,2,0,0,0,2,0,4
16,Miss Bingley,1,0,0,1,0,1,3
16,Denny,1,0,0,0,1,0,2
16,De Bourgh,0,0,0,0,0,1,1
16,Lady Anne Darcy,0,0,0,0,1,0,1
16,Miss de Bourgh,0,0,0,0,1,0,1
16,Mr.,0,0,0,0,0,1,1
16,Mr.,0,0,0,0,0,1,1
16,Mr. Philips,0,0,0,0,1,0,1
16,Mrs. Bennet,0,0,0,0,0,1,1
16,Rosings,0,0,0,0,0,1,1
16,Vain,0,0,0,0,0,1,1
17,Elizabeth,10,0,7,0,2,8,27
17,Jane,6,1,7,7,1,4,26
17,Mr. Collins,4,0,7,2,0,4,17
17,Mr. Wickham,8,1,0,0,1,7,17
17,Mr. Bingley,6,1,0,0,1,5,13
17,Mr. Darcy,4,0,1,0,2,2,9
17,Catherine,3,0,1,0,0,3,7
17,Mrs. Bennet,3,0,1,0,0,3,7
17,Lydia,2,0,1,0,0,2,5
17,Mary,1,0,1,2,0,1,5
17,Netherfield,0,0,0,0,0,1,1
17,Society,0,0,0,0,1,0,1
17,the younger Miss Bennets,0,0,0,0,0,1,1
18,Elizabeth,29,8,41,20,3,25,126
18,Mr. Darcy,40,6,16,13,11,23,109
18,Mr. Bingley,19,1,8,0,5,14,47
18,Mr. Collins,12,3,9,7,0,12,43
18,Jane,12,1,5,4,0,12,34
18,Mr. Wickham,12,0,2,1,4,7,26
18,Miss Bingley,4,1,7,3,0,4,19
18,Mrs. Bennet,7,0,3,0,0,7,17
18,Mary,7,1,1,0,0,7,16
18,Charlotte Lucas,4,0,0,2,0,4,10
18,Sir William,4,0,1,1,2,2,10
18,Lady Catherine,5,0,0,0,4,0,9
18,Lady Lucas,4,0,1,0,0,4,9
18,George Wickham,5,0,1,0,1,1,8
18,Lydia,3,0,0,1,0,3,7
18,Mr. Bennet,2,0,1,0,0,2,5
18,Miss Lucas,2,0,0,0,0,2,4
18,Mrs. Hurst,2,0,0,0,0,2,4
18,Hunsford,0,0,0,0,1,0,1
18,Lord,0,0,0,0,1,0,1
18,Miss Bennet,0,0,0,0,1,0,1
18,Miss De Bourgh,0,0,0,0,1,0,1
18,Mr. Darcy;--but,0,0,0,0,1,0,1
18,Mr. Denny,0,0,0,0,0,1,1
18,the Bingleys,0,0,0,0,0,1,1
19,Mr. Collins,11,4,13,9,4,6,47
19,Elizabeth,14,2,4,8,3,9,40
19,Kitty,5,1,2,0,4,1,13
19,Mrs. Bennet,3,1,0,0,0,3,7
19,Miss De Bourgh,2,0,0,0,2,0,4
19,Dear ma’am,1,1,0,0,1,0,3
19,Mrs. Jenkinson,0,0,0,0,1,0,1
20,Lizzy,19,4,3,2,8,9,45
20,Mrs. Bennet,10,5,4,15,0,9,43
20,Mr. Collins,16,1,6,5,8,6,42
20,Mr. Bennet,5,3,0,5,3,1,17
20,Charlotte,4,1,3,2,0,4,14
20,Jane,4,1,0,0,0,4,9
20,Lydia,2,1,0,1,0,2,6
20,Kitty,2,1,0,0,0,2,5
20,Miss Lucas,2,0,0,0,1,1,4
21,Jane,13,5,12,14,0,10,54
21,Elizabeth,9,1,20,11,1,8,50
21,Miss Bingley,6,1,8,0,5,0,20
21,Caroline,6,1,3,0,4,2,16
21,Mr. Collins,2,0,3,2,0,2,9
21,Wickham,3,1,0,0,0,3,7
21,Charles,2,2,0,0,2,0,6
21,Mr. Bingley,3,0,0,0,1,2,6
21,Miss Darcy,3,0,0,0,2,0,5
21,Mrs. Bennet,2,0,1,0,0,2,5
21,Mr. Darcy,2,0,0,0,2,0,4
21,Georgiana Darcy,1,0,1,0,1,0,3
21,Miss Lucas,1,0,0,0,0,1,2
21,Louisa,0,0,0,0,1,0,1
21,Miss Bennet,0,0,0,0,0,1,1
21,Miss de Bourgh,0,0,0,0,1,0,1
21,Mr. Darcy;--that,0,0,0,0,1,0,1
21,Mr. Hurst,0,0,0,0,0,1,1
21,_,0,0,0,0,0,1,1
22,Mr. Collins,15,4,5,4,3,11,42
22,Elizabeth,11,0,9,5,1,9,35
22,Charlotte,11,0,5,2,1,10,29
22,Miss Lucas,6,0,2,0,0,6,14
22,Mrs. Bennet,2,0,3,1,0,2,8
22,Lady Lucas,2,0,0,0,0,2,4
22,Mr. Bennet,2,0,0,0,0,2,4
22,Sir William,2,0,0,0,0,2,4
22,Lady Catherine,1,0,0,0,1,0,2
22,Lucas Lodge,0,0,0,0,0,1,1
22,Mary,0,0,0,0,0,1,1
22,The Bennets,0,0,0,0,0,1,1
22,Wednesday,0,0,0,0,0,1,1
22,the Lucases,0,0,0,0,0,1,1
23,Elizabeth,12,1,4,0,1,11,29
23,Charlotte,7,1,4,8,0,6,26
23,Mr. Collins,9,4,3,0,2,7,25
23,Mrs. Bennet,9,1,4,0,0,9,23
23,Jane,8,0,4,0,0,8,20
23,Sir William,6,0,3,0,1,5,15
23,Mr. Bennet,5,0,1,1,2,3,12
23,Bingley,4,1,0,0,0,4,9
23,Miss Lucas,3,0,0,0,0,3,6
23,Kitty,2,0,1,0,0,2,5
23,Lydia,2,0,0,1,0,2,5
23,Lady Lucas,2,0,0,0,0,2,4
23,Caroline,0,0,0,0,0,1,1
23,Good Lord,0,0,0,0,1,0,1
23,Miss Darcy,0,0,0,0,0,1,1
24,Elizabeth,12,0,17,11,3,9,52
24,Jane,13,0,13,12,4,9,51
24,Mr. Bingley,4,1,2,0,1,3,11
24,Mr. Bennet,2,0,2,4,0,2,10
24,Caroline,2,0,5,0,0,2,9
24,Charlotte,4,0,1,0,3,0,8
24,Mr. Darcy,4,0,0,0,0,4,8
24,Miss Darcy,3,0,0,0,1,2,6
24,Mrs. Bennet,3,0,0,0,0,3,6
24,Miss Bennet,2,0,0,1,0,2,5
24,Wickham,2,0,1,0,1,1,5
24,Mr. Collins,2,0,0,0,2,0,4
24,Miss Bingley,1,0,0,0,0,1,2
24,God,0,0,0,0,1,0,1
24,Netherfield,0,0,0,0,0,1,1
25,Mrs. Gardiner,7,1,8,9,0,7,32
25,Elizabeth,9,1,7,3,2,7,29
25,Jane,9,0,0,0,6,3,18
25,Mr. Darcy,6,0,3,0,1,4,14
25,Mr. Bingley,5,0,3,0,4,1,13
25,Mrs. Bennet,4,0,1,2,0,4,11
25,Wickham,4,0,0,0,0,4,8
25,Mr. Collins,2,0,0,0,1,1,4
25,Pemberley,2,0,0,0,0,2,4
25,The Lucases,2,0,0,0,1,1,4
25,Caroline,1,0,0,0,0,1,2
25,Miss Bennet,1,0,0,0,0,1,2
25,Mr. Gardiner,1,0,0,0,0,1,2
25,Lady Lucas,0,0,0,0,1,0,1
25,Mrs. Philips,0,0,0,0,0,1,1
25,The Gardiners,0,0,0,0,0,1,1
25,the Bingleys,0,0,0,0,0,1,1
25,the Philipses,0,0,0,0,0,1,1
26,Elizabeth,21,2,17,6,3,16,65
26,Jane,7,2,21,5,0,7,42
26,Charlotte,5,1,6,7,0,5,24
26,Mrs. Gardiner,3,1,9,4,0,3,20
26,Caroline,4,1,0,0,3,1,9
26,Mr. Wickham,4,1,0,0,2,1,8
26,Lady Catherine,3,0,1,0,1,2,7
26,Miss Bingley,4,0,0,0,1,2,7
26,Mr. Collins,2,2,0,0,0,2,6
26,Mr. Darcy,3,0,0,0,2,1,6
26,Maria,2,0,0,0,2,0,4
26,Miss Darcy,2,0,0,0,2,0,4
26,Miss Lucas,1,2,0,0,0,1,4
26,Mrs. Bennet,1,0,1,1,0,1,4
26,Miss King,1,0,0,0,1,0,2
26,Mr. Bingley,1,0,0,0,0,1,2
26,Hunsford,0,0,0,0,0,1,1
26,Longbourn,0,0,0,0,0,1,1
26,Lydia,0,0,0,0,1,0,1
26,Mrs. Hurst,0,0,0,0,1,0,1
26,Rosings,0,0,0,0,0,1,1
26,Sir William,0,0,0,0,1,0,1
26,_,0,0,0,0,1,0,1
26,the Bingleys,0,0,0,0,0,1,1
26,the Gardiners,0,0,0,0,0,1,1
26,the Lucases,0,0,0,0,0,1,1
27,Elizabeth,10,2,7,3,3,7,32
27,Mrs. Gardiner,3,0,3,14,0,3,23
27,Charlotte,3,1,3,0,0,3,10
27,Jane,4,0,0,0,0,4,8
27,Sir William,3,0,1,0,0,3,7
27,Miss King,2,0,0,0,2,0,4
27,Mr. Wickham,2,0,0,0,0,2,4
27,Absence,0,0,0,0,0,1,1
27,February,0,0,0,0,0,1,1
27,Lady Catherine de Bourgh,0,0,0,0,0,1,1
27,Maria,0,0,0,0,0,1,1
27,Miss Bingley,0,0,0,0,0,1,1
27,Mr. Collins,0,0,0,0,0,1,1
27,Mr. Gardiner,0,0,0,0,0,1,1
28,Elizabeth,14,2,12,5,2,12,47
28,Charlotte,14,4,0,2,3,11,34
28,Mr. Collins,9,5,3,2,0,9,28
28,Maria,4,0,0,4,1,3,12
28,Lady Catherine,5,0,1,0,4,1,11
28,Miss De Bourgh,3,2,2,0,2,1,10
28,Sir William,2,1,0,0,0,2,5
28,Mrs. Collins,1,0,1,0,0,1,3
28,Hertfordshire,0,0,0,0,0,1,1
28,Mrs. Jenkinson,0,0,0,0,1,0,1
29,Lady Catherine,20,1,11,16,2,17,67
29,Elizabeth,13,3,24,8,0,13,61
29,Mr. Collins,10,2,8,3,1,9,33
29,Sir William,7,0,2,2,0,7,18
29,Mrs. Collins,6,0,1,0,1,5,13
29,Mrs. Jenkinson,6,0,0,0,1,5,12
29,Maria,5,0,1,0,0,5,11
29,Miss de Bourgh,5,0,1,0,0,5,11
29,Charlotte,4,0,0,0,0,4,8
29,Miss Bennet,2,0,0,0,2,0,4
29,Sir Lewis de Bourgh,2,0,0,0,1,1,4
29,"Elizabeth,--",1,0,0,0,0,1,2
29,Lady Metcalfe,1,0,0,0,1,0,2
29,Mr. Wickham,1,0,0,0,0,1,2
29,The Miss Webbs,1,0,0,0,1,0,2
29,Miss Pope,0,0,0,0,1,0,1
29,Mr.,0,0,0,0,0,1,1
29,Mr. Darcy,0,0,0,0,0,1,1
30,Elizabeth,10,2,13,1,1,9,36
30,Mr. Collins,7,9,2,0,0,7,25
30,Charlotte,5,0,2,1,0,5,13
30,Mr. Darcy,4,3,2,0,1,3,13
30,Lady Catherine,4,0,0,0,0,4,8
30,Mrs. Collins,3,0,0,0,0,3,6
30,Sir William,3,0,0,0,0,3,6
30,Colonel Fitzwilliam,1,1,0,0,0,1,3
30,Miss De Bourgh,1,1,0,0,0,1,3
30,Jane,0,0,0,0,0,1,1
30,Lord ----,0,0,0,0,0,1,1
30,Miss Bennet,0,0,0,0,0,1,1
30,Miss Bingley,0,0,0,0,0,1,1
30,Miss Lucas,0,0,0,0,0,1,1
30,the Bingleys,0,0,0,0,0,1,1
30,the Collinses,0,0,0,0,0,1,1
31,Mr. Darcy,13,2,12,10,4,9,50
31,Elizabeth,10,2,12,7,0,10,41
31,Colonel Fitzwilliam,10,1,3,7,2,8,31
31,Lady Catherine,8,2,1,3,0,8,22
31,Miss Bennet,3,1,1,0,3,0,8
31,Anne,3,1,1,0,2,0,7
31,Ladyship,1,0,3,2,0,1,7
31,Mrs. Collins,2,0,0,0,1,1,4
31,Miss Bingley,1,0,0,0,0,1,2
31,"Darcy,--",0,0,0,0,0,1,1
31,Georgiana,0,0,0,0,1,0,1
31,Miss De Bourgh,0,0,0,0,0,1,1
31,Mrs. Jenkinson,0,0,0,0,1,0,1
32,Elizabeth,12,3,18,7,1,11,52
32,Mr. Darcy,8,7,6,11,1,7,40
32,Mrs. Collins,5,1,8,0,2,3,19
32,Colonel Fitzwilliam,4,3,2,0,0,4,13
32,Charlotte,3,0,0,2,0,3,8
32,Mr. Collins,3,1,1,0,3,0,8
32,Mr. Bingley,3,0,1,0,3,0,7
32,Lady Catherine,3,0,0,0,1,2,6
32,Jane,2,0,0,0,0,2,4
32,George Wickham,0,0,0,0,0,1,1
32,Kent,0,0,0,0,1,0,1
32,Maria,0,0,0,0,0,1,1
32,Miss Bennet,0,0,0,0,0,1,1
32,Mr.,0,0,0,0,1,0,1
32,Netherfield,0,0,0,0,0,1,1
33,Elizabeth,4,7,21,18,0,4,54
33,Mr. Darcy,11,5,8,2,5,6,37
33,Colonel Fitzwilliam,8,0,1,12,0,8,29
33,Darcy,7,0,1,0,6,1,15
33,Bingley,7,0,1,0,3,2,13
33,Jane,5,0,0,0,1,4,10
33,Mrs. Collins,2,0,2,0,0,2,6
33,Miss Bingley,2,0,0,0,1,1,4
33,Mr. Collins,1,0,1,0,0,1,3
33,Lady Catherine,1,0,0,0,0,1,2
33,Mr.,0,0,0,0,0,1,1
33,Mrs. Hurst,0,0,0,0,1,0,1
34,Elizabeth,9,4,22,13,0,9,57
34,Mr. Darcy,11,6,20,9,1,10,57
34,Jane,3,0,0,0,0,3,6
34,Colonel Fitzwilliam,2,0,0,0,0,2,4
34,Mr. Wickham,2,0,0,0,1,1,4
34,Charlotte,0,0,0,0,0,1,1
34,Lady Catherine,0,0,0,0,0,1,1
35,Elizabeth,2,12,38,4,0,2,58
35,Mr. Wickham,11,1,6,0,1,0,19
35,Mr. Darcy,4,0,0,0,1,3,8
35,Bingley,4,0,1,0,1,0,6
35,Georgiana,2,0,1,0,1,0,4
35,Colonel Fitzwilliam,2,0,0,0,1,0,3
35,Mrs. Younge,2,0,0,0,1,0,3
35,Miss Bingley,1,0,0,0,1,0,2
35,Detection,0,0,0,0,1,0,1
35,FITZWILLIAM DARCY,0,0,0,0,1,0,1
35,George Wickham,0,0,0,0,1,0,1
35,God,0,0,0,0,1,0,1
35,Miss Bennet,0,0,0,0,1,0,1
35,Sir William Lucas,0,0,0,0,1,0,1
36,Elizabeth,2,7,41,3,0,2,55
36,Mr. Darcy,13,4,1,0,0,13,31
36,Wickham,9,0,1,0,0,9,19
36,Jane,6,0,0,0,0,6,12
36,Colonel Fitzwilliam,4,1,0,0,0,4,9
36,Mr. Bingley,3,0,0,0,0,3,6
36,Miss King,1,0,0,0,0,1,2
36,Charlotte,0,0,0,0,0,1,1
36,Miss Darcy,0,0,0,0,0,1,1
36,Mr. Philips,0,0,0,0,0,1,1
37,Lady Catherine,9,6,14,9,0,9,47
37,Elizabeth,4,0,5,4,0,4,17
37,Mrs. Collins,4,2,1,0,3,0,10
37,Jane,4,0,1,0,0,4,9
37,Darcy,2,0,2,0,2,0,6
37,Lydia,3,0,0,0,0,3,6
37,Mr. Darcy,3,0,0,0,1,2,6
37,Maria,1,2,1,0,0,1,5
37,Mr. Collins,2,1,0,0,0,2,5
37,Rosings,2,0,0,0,1,1,4
37,Bingley,1,0,0,0,0,1,2
37,Miss de Bourgh,1,0,0,0,0,1,2
37,Bromley,0,0,0,0,1,0,1
37,Dawson,0,0,0,0,1,0,1
37,Georgiana,0,0,0,0,1,0,1
37,John,0,0,0,0,1,0,1
37,Lady Anne,0,0,0,0,1,0,1
37,Ladyship,0,0,0,0,0,1,1
37,Meryton,0,0,0,0,0,1,1
37,Miss Bennet,0,0,0,0,0,1,1
37,Mrs. Bennet,0,0,0,0,1,0,1
37,Wickham,0,0,0,0,0,1,1
38,Elizabeth,10,2,6,1,2,8,29
38,Mr. Collins,3,1,5,5,0,3,17
38,Charlotte,3,0,4,0,1,2,10
38,Jane,3,0,2,0,0,3,8
38,Maria,2,1,0,3,0,2,8
38,Hunsford,2,0,0,0,2,0,4
38,Lady Catherine,2,0,0,0,2,0,4
38,Mrs. Collins,2,0,0,0,2,0,4
38,Bingley,0,0,0,0,0,1,1
38,Longbourn,0,0,0,0,0,1,1
38,Mr.,0,0,0,0,0,1,1
38,Mr. Darcy,0,0,0,0,0,1,1
38,Mr. Gardiner,0,0,0,0,0,1,1
38,Mrs. Gardiner,0,0,0,0,0,1,1
39,Lydia,11,3,17,12,0,11,54
39,Elizabeth,10,0,3,5,2,8,28
39,Mary,5,2,2,1,3,2,15
39,Jane,5,0,2,1,1,4,13
39,Kitty,7,0,1,0,2,3,13
39,Lady Lucas,1,3,5,2,0,1,12
39,Wickham,6,1,0,0,2,2,11
39,the Lucases,2,1,1,0,0,2,6
39,Mrs. Bennet,2,0,1,0,0,2,5
39,Mrs. Forster,4,0,0,0,1,0,5
39,Maria,2,0,0,0,0,2,4
39,Mr. Bennet,2,0,0,0,0,2,4
39,Chamberlayne,1,0,1,0,1,0,3
39,"Elizabeth,----",1,0,0,0,0,1,2
39,Pen,1,0,0,0,1,0,2
39,the Miss Bennets,1,0,0,0,0,1,2
39,Colonel,0,0,0,0,1,0,1
39,Denny,0,0,0,0,1,0,1
39,Harriet,0,0,0,0,1,0,1
39,Lord,0,0,0,0,1,0,1
39,Lord,0,0,0,0,1,0,1
39,Lord,0,0,0,0,1,0,1
39,Mamma,0,0,0,0,1,0,1
39,Mr. Collins,0,0,0,0,1,0,1
39,Philips,0,0,0,0,1,0,1
39,Pratt,0,0,0,0,1,0,1
40,Elizabeth,10,1,19,27,2,6,65
40,Jane,9,0,4,0,2,6,21
40,Mr. Darcy,10,0,1,0,5,4,20
40,Wickham,4,0,0,0,4,0,8
40,Mrs. Bennet,1,0,2,3,0,1,7
40,Miss Bennet,2,0,0,2,0,2,6
40,Wickham,3,0,0,0,2,1,6
40,Bingley,2,0,0,0,1,1,4
40,Charlotte,1,0,0,0,1,0,2
40,Longbourn,0,0,0,0,1,0,1
40,Philips,0,0,0,0,1,0,1
41,Lydia,21,8,4,3,5,14,55
41,Elizabeth,12,3,18,5,2,10,50
41,Wickham,4,0,10,11,0,4,29
41,Kitty,6,1,0,1,1,5,14
41,Mrs. Forster,5,0,0,0,1,4,10
41,Mr. Bennet,2,0,1,4,0,2,9
41,Mr. Darcy,4,0,0,0,2,2,8
41,Mrs. Bennet,3,0,1,1,0,3,8
41,Jane,2,0,0,0,1,1,4
41,The elder Miss Bennets,1,0,0,0,0,1,2
41,Colonel Fitzwilliam,0,0,0,0,0,1,1
41,Colonel Forster,0,0,0,0,1,0,1
41,Colonel Miller,0,0,0,0,1,0,1
41,Good Heaven,0,0,0,0,1,0,1
41,Miss de Bourgh,0,0,0,0,1,0,1
41,Philips,0,0,0,0,1,0,1
41,papa,0,0,0,0,1,0,1
42,Elizabeth,10,0,19,2,0,10,41
42,Mrs. Gardiner,6,0,2,2,0,6,16
42,Kitty,5,0,0,0,0,5,10
42,Lydia,1,3,3,2,0,1,10
42,Jane,2,0,0,0,0,2,4
42,Mr. Gardiner,2,0,0,0,0,2,4
42,Pemberley,2,0,0,0,0,2,4
42,Wickham,2,0,0,0,1,1,4
42,The Gardiners,1,1,0,0,0,1,3
42,Mr. Bennet,1,0,0,0,0,1,2
42,Mrs. Bennet,1,0,0,0,0,1,2
42,Mr.,0,0,0,0,0,1,1
42,Mr. Darcy,0,0,0,0,0,1,1
42,Mrs. Forster,0,0,0,0,0,1,1
43,Elizabeth,42,16,69,21,3,39,190
43,Mr. Darcy,10,6,15,0,2,8,41
43,Mrs. Gardiner,12,2,5,5,0,12,36
43,Mrs. Reynolds,9,1,4,8,0,9,31
43,Mr. Gardiner,6,1,4,5,0,6,22
43,Miss Darcy,7,3,0,0,2,5,17
43,Wickham,7,0,0,0,2,4,13
43,Pemberley,2,0,0,0,0,2,4
43,"you,--Mr . Bingley",2,0,0,0,1,1,4
43,Dovedale,0,0,0,0,0,1,1
43,Hunsford,0,0,0,0,1,0,1
43,Matlock,0,0,0,0,0,1,1
43,Mr.,0,0,0,0,0,1,1
43,Mr.,0,0,0,0,0,1,1
43,Mr.,0,0,0,0,0,1,1
43,Rosings,0,0,0,0,0,1,1
44,Elizabeth,14,6,30,0,0,14,64
44,Mr. Darcy,11,2,7,2,0,11,33
44,Bingley,6,1,0,0,0,6,13
44,Miss Darcy,6,1,0,0,0,6,13
44,Mrs. Gardiner,4,0,1,0,0,4,9
44,Jane,2,0,0,0,0,2,4
44,Mr. Gardiner,1,1,0,0,0,1,3
44,Georgiana,0,0,0,0,0,1,1
44,Miss Bennet,0,0,0,0,0,1,1
44,Mr.,0,0,0,0,0,1,1
44,Mr.,0,0,0,0,0,1,1
44,Mr.,0,0,0,0,0,1,1
44,Rosings,0,0,0,0,0,1,1
45,Elizabeth,16,0,24,5,1,15,61
45,Miss Bingley,14,0,4,1,0,14,33
45,Mr. Darcy,8,6,7,2,1,7,31
45,Miss Darcy,9,1,4,0,0,9,23
45,Elizabeth,4,0,5,0,1,3,13
45,Mrs. Gardiner,5,0,1,0,0,5,11
45,Georgiana,5,0,0,0,0,5,10
45,Mrs. Annesley,2,0,0,0,0,2,4
45,Mrs. Hurst,2,0,0,0,0,2,4
45,Louisa,0,0,0,0,1,0,1
45,Miss Bennet,0,0,0,0,0,1,1
45,Mr. Gardiner,0,0,0,0,0,1,1
45,Wickham,0,0,0,0,0,1,1
46,Elizabeth,17,7,24,10,2,12,72
46,Lydia,16,1,2,0,2,10,31
46,Darcy,8,3,2,4,1,7,25
46,Jane,7,0,0,0,2,5,14
46,Wickham,6,1,0,0,3,3,13
46,Mrs. Gardiner,4,1,0,3,1,3,12
46,Colonel Forster,5,1,1,0,2,0,9
46,Colonel F.,3,2,2,0,1,0,8
46,Mr. Gardiner,3,1,1,0,1,2,8
46,Kitty,2,0,1,0,2,0,5
46,W.,2,0,1,0,1,0,4
46,Denny,1,1,0,0,1,0,3
46,Mrs. F.,2,0,0,0,1,0,3
46,John,1,0,0,0,1,0,2
46,Good God,0,0,0,0,1,0,1
46,Longbourn,0,0,0,0,1,0,1
46,Miss Darcy,0,0,0,0,1,0,1
46,Mr.,0,0,0,0,0,1,1
46,Mr.,0,0,0,0,0,1,1
46,Mr.,0,0,0,0,1,0,1
46,Pemberley,0,0,0,0,1,0,1
47,Elizabeth,20,5,9,22,2,18,76
47,Jane,16,3,13,7,7,8,54
47,Lydia,24,2,5,0,18,3,52
47,Colonel Forster,8,2,6,0,8,0,24
47,Mrs. Bennet,2,1,6,4,0,2,15
47,Kitty,6,0,2,0,3,2,13
47,Mr. Bennet,3,3,1,2,2,1,12
47,Mrs. Gardiner,3,0,3,3,0,3,12
47,Mary,6,0,0,0,2,3,11
47,Mr. Gardiner,3,0,1,4,0,3,11
47,Denny,3,0,1,0,2,0,6
47,Mr. Darcy,2,1,1,0,2,0,6
47,Harriet,1,0,3,0,1,0,5
47,LYDIA BENNET,2,0,0,0,2,0,4
47,Meryton,2,0,0,0,2,0,4
47,Pratt,1,0,1,0,1,0,3
47,Mrs. Forster,1,0,0,0,1,0,2
47,Colonel Fitzwilliam,0,0,0,0,1,0,1
47,Gretna Green,0,0,0,0,1,0,1
47,Lady Lucas,0,0,0,0,1,0,1
47,Miss Bennet,0,0,0,0,0,1,1
47,Miss Darcy,0,0,0,0,1,0,1
47,Mr.,0,0,0,0,0,1,1
47,One,0,0,0,0,0,1,1
47,Philips,0,0,0,0,1,0,1
47,Sally,0,0,0,0,1,0,1
47,The Collinses,0,0,0,0,1,0,1
47,elder Miss Bennets,0,0,0,0,0,1,1
48,Elizabeth,11,0,11,5,2,8,37
48,Mr. Gardiner,7,5,4,2,0,7,25
48,Kitty,7,3,2,3,2,5,22
48,Mr. Bennet,7,3,3,1,0,7,21
48,Jane,3,0,4,2,0,3,12
48,Lydia,5,0,0,0,3,2,10
48,Mrs. Gardiner,4,2,0,0,0,4,10
48,Colonel Forster,4,0,2,0,1,2,9
48,Mrs. Bennet,3,0,0,2,0,3,8
48,Wickham,3,0,1,0,1,2,7
48,Mrs. Collins,2,0,1,0,1,1,5
48,All Meryton,0,0,0,0,0,1,1
48,Charlotte,0,0,0,0,1,0,1
48,Darcy,0,0,0,0,0,1,1
48,Hertfordshire,0,0,0,0,1,0,1
48,Miss Bennet,0,0,0,0,0,1,1
48,Mr. Collins,0,0,0,0,0,1,1
48,Pemberley,0,0,0,0,0,1,1
49,Elizabeth,14,4,17,19,1,13,68
49,Jane,11,7,11,15,1,10,55
49,Lydia,8,0,0,0,6,2,16
49,Wickham,7,0,1,0,7,0,15
49,Hill,5,1,2,2,2,2,14
49,Mr. Gardiner,6,0,0,0,4,2,12
49,Kitty,3,1,0,0,2,1,7
49,Mr. Bennet,2,0,0,0,0,2,4
49,Mrs. Bennet,2,0,0,0,0,2,4
49,Miss Bennet,1,0,1,0,0,1,3
49,Haggerston,0,0,0,0,1,0,1
49,June,0,0,0,0,1,0,1
49,Lady Lucas,0,0,0,0,1,0,1
49,Mary,0,0,0,0,0,1,1
49,Mrs. Long,0,0,0,0,1,0,1
49,Mrs. Wickham,0,0,0,0,1,0,1
49,Philips,0,0,0,0,1,0,1
50,Lydia,10,1,4,2,0,10,27
50,Mrs. Bennet,8,0,4,3,1,7,23
50,Mr. Bennet,7,1,6,0,0,7,21
50,Wickham,8,0,1,0,1,6,16
50,Elizabeth,3,1,7,0,0,3,14
50,Mr. Gardiner,2,0,4,2,0,2,10
50,Mr. Darcy,2,0,1,0,0,2,5
50,Jane,2,0,0,0,0,2,4
50,Colonel Forster,1,0,0,0,1,0,2
50,Ashworth,0,0,0,0,1,0,1
50,Derbyshire,0,0,0,0,0,1,1
50,E. GARDINER,0,0,0,0,1,0,1
50,General----,0,0,0,0,1,0,1
50,Haggerston,0,0,0,0,1,0,1
50,Mrs. Forster,0,0,0,0,1,0,1
50,Mrs. Gardiner,0,0,0,0,1,0,1
50,Purvis Lodge,0,0,0,0,1,0,1
50,the Gouldings,0,0,0,0,1,0,1
51,Elizabeth,15,8,23,14,1,14,75
51,Lydia,16,17,10,14,2,14,73
51,Jane,7,1,1,2,1,6,18
51,Wickham,8,2,1,0,4,3,18
51,Wickham,4,0,0,0,1,3,8
51,Mr. Darcy,3,0,0,0,2,1,6
51,Mrs. Bennet,2,0,1,0,0,2,5
51,William Goulding,1,0,2,0,1,0,4
51,Mr. Bennet,1,1,0,0,0,1,3
51,"Elizabeth,--",0,0,0,0,0,1,1
51,Lord,0,0,0,0,1,0,1
51,Miss Bennet,0,0,0,0,0,1,1
51,Miss Bennets,0,0,0,0,0,1,1
51,Mr. Stone,0,0,0,0,1,0,1
51,Mrs. Hill,0,0,0,0,0,1,1
51,Mrs. Philips,0,0,0,0,0,1,1
51,the Lucases,0,0,0,0,0,1,1
52,Wickham,15,4,24,16,2,3,64
52,Mr. Darcy,9,4,24,5,2,2,46
52,Elizabeth,9,1,12,12,1,4,39
52,Lydia,8,3,5,0,2,1,19
52,Mr. Gardiner,3,0,0,0,2,0,5
52,"a Mrs. Younge , who was some time ago governess to Miss Darcy , and was dismissed from her charge",3,0,1,0,1,0,5
52,Jane,3,0,0,0,1,0,4
52,Miss de Bourgh,0,0,0,0,1,0,1
52,Mr. Bennet,0,0,0,0,1,0,1
52,Mrs. Bennet,0,0,0,0,1,0,1
52,Pemberley,0,0,0,0,1,0,1
52,Poor Reynolds,0,0,0,0,1,0,1
52,the Gardiners,0,0,0,0,1,0,1
53,Elizabeth,16,4,23,11,1,15,70
53,Mr. Bingley,15,13,13,0,7,8,56
53,Jane,12,1,16,5,0,12,46
53,Mrs. Bennet,9,0,9,10,0,9,37
53,Mr. Darcy,6,1,9,1,0,6,23
53,Lydia,5,2,6,1,3,2,19
53,Mr. Wickham,2,0,3,2,0,2,9
53,Kitty,2,0,0,4,0,2,8
53,Mr. Bennet,2,0,1,2,1,1,7
53,Mrs. Gardiner,3,0,0,0,1,2,6
53,Mrs. Nichols,1,2,0,0,1,0,4
53,Mr.,1,0,0,0,1,0,2
53,Sir William Lucas,1,0,0,0,1,0,2
53,George Wickham,0,0,0,0,1,0,1
53,Happy,0,0,0,0,1,0,1
53,Lord,0,0,0,0,1,0,1
53,Miss Lucas,0,0,0,0,1,0,1
53,Mr.,0,0,0,0,0,1,1
53,Mr. Darcy!--and,0,0,0,0,1,0,1
53,Mrs. Long,0,0,0,0,1,0,1
53,Mrs. Philips,0,0,0,0,0,1,1
53,the Gouldings,0,0,0,0,1,0,1
54,Elizabeth,14,5,21,15,1,12,68
54,Mr. Darcy,5,8,6,0,1,4,24
54,Mrs. Bennet,4,2,7,2,0,3,18
54,Jane,5,0,2,0,2,3,12
54,Bingley,4,0,1,0,0,4,9
54,Miss Bennet,2,1,1,2,0,2,8
54,Mrs. Long,2,0,0,0,1,0,3
54,Mrs. Annesley,0,0,0,0,1,0,1
55,Elizabeth,23,8,12,12,4,18,77
55,Jane,19,3,7,10,3,16,58
55,Bingley,13,11,5,2,1,12,44
55,Mrs. Bennet,9,1,2,6,0,9,27
55,Kitty,9,2,2,1,3,6,23
55,Mr. Bennet,4,3,1,3,1,3,15
55,Lydia,2,1,0,0,0,2,5
55,Mary,2,1,0,0,0,2,5
55,Miss Bennet,2,0,0,0,1,1,4
55,"Kitty,--",0,0,0,0,0,1,1
55,Miss Bingley,0,0,0,0,1,0,1
55,Mr. Collins,0,0,0,0,1,0,1
55,Mr. Darcy,0,0,0,0,0,1,1
55,Mrs. Philips,0,0,0,0,0,1,1
55,Sarah,0,0,0,0,1,0,1
55,The Bennets,0,0,0,0,0,1,1
55,Wickham,0,0,0,0,0,1,1
56,Elizabeth,31,3,19,16,13,18,100
56,Lady Catherine,14,8,9,7,1,12,51
56,Mrs. Bennet,5,1,8,8,0,5,27
56,Mr. Darcy,6,0,1,0,6,0,13
56,Bingley,2,1,0,0,0,2,5
56,"Elizabeth,--",2,0,0,1,0,2,5
56,Miss de Bourgh,2,0,0,0,2,0,4
56,Charlotte,1,0,0,0,0,1,2
56,Jane,0,0,0,0,0,1,1
56,Mr.,0,0,0,0,1,0,1
56,Mrs. Collins,0,0,0,0,1,0,1
56,Rosings,0,0,0,0,1,0,1
56,Sir William Lucas,0,0,0,0,1,0,1
57,Elizabeth,17,4,17,7,2,9,56
57,Lady Catherine,7,1,7,2,2,5,24
57,Mr. Collins,4,0,0,0,4,0,8
57,Mr. Darcy,4,0,0,0,1,2,7
57,Bingley,2,0,0,0,0,2,4
57,Mrs. Bennet,2,0,0,0,1,1,4
57,Charlotte,0,0,0,0,1,0,1
57,Jane,0,0,0,0,0,1,1
57,Lydia,0,0,0,0,1,0,1
57,Mrs. Collins,0,0,0,0,1,0,1
57,Rosings,0,0,0,0,0,1,1
57,Wickham,0,0,0,0,1,0,1
58,Darcy,8,2,26,25,1,7,69
58,Elizabeth,14,2,14,10,1,13,54
58,Kitty,6,2,4,2,1,5,20
58,Bingley,7,0,1,0,2,5,15
58,Jane,3,0,0,0,1,2,6
58,Mrs. Bennet,2,0,0,0,0,2,4
58,Georgiana,1,0,0,0,0,1,2
58,April,0,0,0,0,1,0,1
58,Lydia,0,0,0,0,1,0,1
58,Maria,0,0,0,0,0,1,1
58,Mary,0,0,0,0,0,1,1
58,Mrs. Gardiner,0,0,0,0,1,0,1
58,the Lucases,0,0,0,0,0,1,1
59,Lizzy,29,7,30,12,12,13,103
59,Mr. Darcy,15,4,6,2,7,8,42
59,Jane,11,0,5,6,5,6,33
59,Mrs. Bennet,6,4,3,5,1,5,24
59,Bingley,9,1,1,3,4,3,21
59,Miss Bennet,3,0,6,5,0,3,17
59,Kitty,6,0,1,0,3,2,12
59,Mr. Bennet,3,1,3,2,0,3,12
59,Lydia,2,0,0,0,0,2,4
59,Lord,0,0,0,0,1,0,1
59,Lord,0,0,0,0,1,0,1
59,Mary,0,0,0,0,1,0,1
59,Mr. Collins,0,0,0,0,0,1,1
59,Wickham,0,0,0,0,1,0,1
60,Elizabeth,7,0,15,20,1,5,48
60,Mr. Darcy,6,3,11,2,1,4,27
60,Lady Catherine,6,0,1,0,4,2,13
60,Jane,5,0,1,0,3,2,11
60,Bingley,3,0,0,1,1,2,7
60,Mrs. Philips,2,0,1,0,0,2,5
60,Mr. Collins,2,0,0,0,0,2,4
60,Sir William Lucas,2,0,0,0,0,2,4
60,Mr. Bennet,1,0,0,1,0,1,3
60,Miss Darcy,1,0,0,0,0,1,2
60,Charlotte,0,0,0,0,0,1,1
60,Lydia,0,0,0,0,1,0,1
60,Mrs. Gardiner,0,0,0,0,0,1,1
61,Elizabeth,12,0,6,1,1,11,31
61,Darcy,7,0,2,0,1,5,15
61,Lydia,6,0,0,2,0,6,14
61,Georgiana,3,0,3,0,0,3,9
61,Wickham,4,0,1,0,1,2,8
61,Kitty,2,2,1,0,0,2,7
61,Jane,3,0,0,0,0,3,6
61,Mary,2,0,1,0,0,2,5
61,Mr. Bennet,1,0,2,0,0,1,4
61,Mr. Bingley,2,0,0,0,0,2,4
61,Mrs. Bennet,2,0,0,0,0,2,4
61,Mrs. Darcy,2,0,0,0,0,2,4
61,Miss Bingley,1,0,1,0,0,1,3
61,Meryton,0,0,0,0,0,1,1
61,Mrs. Bingley,0,0,0,0,0,1,1
61,Pemberley,0,0,0,0,0,1,1
61,the Bingleys,0,0,0,0,0,1,1
61,the Gardiners,0,0,0,0,0,1,1
