COREF,n_mentions,n_prop,n_pron,n_nom,top_text
431,1852,578,1274,0,Achilles
586,1021,354,667,0,Hector
1025,792,260,532,0,Patroclus
758,687,233,454,0,Hector
794,594,198,396,0,Ulysses
720,450,174,276,0,Ajax
426,420,121,299,0,Agamemnon
698,412,152,260,0,Menelaus
429,374,137,237,0,Jove
436,369,118,251,0,Juno
466,347,191,156,0,Jove
576,328,128,200,0,Aeneas
511,325,85,240,0,Diomed
468,242,125,117,0,Minerva
895,227,46,181,0,Antilochus
467,210,56,154,0,Neptune
439,204,104,100,0,the Argives
885,195,128,67,0,Mars
500,177,71,106,0,Ajax
535,165,80,85,0,Meriones
608,165,44,121,0,Alexandrus
443,164,45,119,0,Ulysses
487,162,72,90,0,the Achaeans
626,160,71,89,0,Jove
437,158,91,67,0,Apollo
583,156,117,39,0,the Trojans
451,150,78,72,0,Priam
428,144,37,107,0,Thetis
450,141,46,95,0,Nestor
831,137,61,76,0,Agamemnon
606,137,43,94,0,Sarpedon
732,124,33,91,0,Teucer
623,110,54,56,0,Jove
481,109,43,66,0,Helen
625,103,15,88,0,Lycaon
448,98,31,67,0,Iris
435,96,65,31,0,the Danaans
474,95,37,58,0,Vulcan
609,91,21,70,0,Paris
432,88,31,57,0,Apollo
577,86,31,55,0,Antenor
810,70,41,29,0,Jove
486,70,40,30,0,Tydeus
914,64,8,56,0,Sleep
870,63,22,41,0,Deiphobus
616,58,32,26,0,Polydamas
809,58,12,46,0,Dolon
594,55,2,53,0,Odius
630,53,8,45,0,Pandarus
607,53,21,32,0,Glaucus
547,51,10,41,0,Eumelus
715,49,49,0,0,Tydeus
749,48,6,42,0,Andromache
438,47,47,0,0,Ilius
624,45,26,19,0,Priam
433,45,7,38,0,Chryses
828,45,9,36,0,Pisander
621,44,18,26,0,Idaeus
719,43,14,29,0,Bellerophon
476,42,17,25,0,Mercury
1004,42,10,32,0,Asteropaeus
556,42,15,27,0,Machaon
807,39,7,32,0,Agamemnon
801,38,5,33,0,Meleager
795,37,20,17,0,Automedon
670,36,12,24,0,Diana
461,35,7,28,0,Briseis
1080,33,14,19,0,Menelaus
780,32,10,22,0,Cebriones
851,31,6,25,0,Socus
427,28,7,21,0,Achilles
660,28,2,26,0,Peirous
458,28,24,4,0,Menoetius
862,27,7,20,0,the Epeans
579,27,10,17,0,Acamas
536,26,10,16,0,Tlepolemus
480,26,16,10,0,Jove
677,25,15,10,0,Xanthus
1078,25,10,15,0,Iris
452,25,19,6,0,Jove
580,25,14,11,0,Adrestus
462,24,18,6,0,the Myrmidons
3,23,15,8,0,Hades
558,23,19,4,0,Eurypylus
962,23,7,16,0,Euphorbus
747,22,6,16,0,Hecuba
679,21,6,15,0,Tros
786,21,7,14,0,Thrasymedes
584,21,15,6,0,Helenus
509,20,5,15,0,Euryalus
507,19,17,2,0,Menestheus
651,19,10,9,0,Antilochus
471,18,1,17,0,Wife
931,18,7,11,0,Peneleos
619,18,12,6,0,Clytius
1084,18,5,13,0,Epeus
705,18,14,4,0,the Lycians
622,17,10,7,0,Laomedon
782,17,14,3,0,Hercules
776,17,6,11,0,Melanippus
766,17,8,9,0,Tydeus
459,16,9,7,0,Talthybius
519,16,12,4,0,Iphiclus
605,16,16,0,0,Aeacus
562,16,6,10,0,Polypoetes
846,16,2,14,0,Dog
643,16,5,11,0,Ulysses
644,15,3,12,0,Peteos
1043,15,4,11,0,Achilles
537,15,13,2,0,Boreas
440,14,6,8,0,Calchas
834,13,2,11,0,noble Coon
618,13,4,9,0,Lampus
445,13,10,3,0,Idomeneus
631,12,6,6,0,Apollo
880,12,2,10,0,brave Epicles
573,12,5,7,0,Polites
936,12,2,10,0,Hyperenor
736,12,9,3,0,Hippolochus
899,12,2,10,0,Euchenor
741,12,5,7,0,Proetus
1091,11,4,7,0,Niobe
520,11,7,4,0,Amphimachus
1086,11,4,7,0,Teucer
893,11,3,8,0,Othryoneus
711,11,10,1,0,Helenus
1038,11,3,8,0,Folly
737,10,6,4,0,Lycurgus
1003,10,2,8,0,Thersilochus
951,10,1,9,0,Cleitus
864,10,3,7,0,Mulius
477,10,10,0,0,Argus
738,10,2,8,0,Bacchus
553,9,5,4,0,Medon
658,9,1,8,0,Democoon
932,9,3,6,0,Ilioneus
847,9,1,8,0,Archer
939,9,1,8,0,Madman
672,9,3,6,0,Theano
926,9,4,5,0,Jove
596,8,3,5,0,Ennomus the augur
602,8,2,6,0,Nastes
493,8,4,4,0,Ascalaphus
581,8,3,5,0,Merops of Percote
1077,8,1,7,0,Spercheius
878,8,1,7,0,Sirs
981,8,1,7,0,Erylaus
877,8,5,3,0,Ajaxes
971,8,6,2,0,Alcimedon
788,8,5,3,0,Deipyrus
1055,8,1,7,0,Hound
640,7,7,0,0,Chromius
692,7,3,4,0,the Cyprian
1072,7,1,6,0,Crook
667,7,6,1,0,Idomeneus
832,7,4,3,0,Iphidamas
490,7,5,2,0,Leitus
1024,7,4,3,0,Jove
1060,7,2,5,0,Rhigmus
960,7,2,5,0,Hiketaon
523,7,4,3,0,Diores
762,7,6,1,0,Jason
552,7,1,6,0,Philoctetes
585,7,7,0,0,Hippothous
532,7,4,3,0,the Aetolians
1053,7,1,6,0,Demoleon
891,7,3,4,0,Deucalion
647,6,3,3,0,the Cadmeans
527,6,6,0,0,Meges
664,6,3,3,0,Phegeus
529,6,4,2,0,Thoas
953,6,3,3,0,Polydamas
540,6,6,0,0,Antiphus
829,6,3,3,0,Antimachus
894,6,2,4,0,Cassandra
968,6,1,5,0,Polymele
597,6,6,0,0,Phorcys
483,6,1,5,0,Sirrah
979,6,2,4,0,Erymas
800,6,3,3,0,the Curetes
588,6,6,0,0,the Thracians
444,6,5,1,0,Chryseis
482,6,6,0,0,Laertes
696,6,4,2,0,the Pylians
639,5,5,0,0,Alastor
872,5,1,4,0,Damasus
727,5,5,0,0,Pedasus
472,5,1,4,0,the Olympian Thunderer
729,5,1,4,0,Bucolion
634,5,4,1,0,Chiron
881,5,2,3,0,Alcmaon
533,5,5,0,0,the Cretans
906,5,5,0,0,Morys
999,5,5,0,0,Panthous
731,5,5,0,0,Ulysses
865,5,1,4,0,Wounded Eurypylus
861,5,1,4,0,Itymoneus
662,5,3,2,0,Dione
988,5,3,2,0,Death
803,5,1,4,0,fair Marpessa
994,5,2,3,0,Bathycles
818,5,1,4,0,Rhesus
544,5,3,2,0,Podarces
958,5,1,4,0,Croesmus
681,5,1,4,0,King Anchises
695,5,5,0,0,Orsilochus
548,4,4,0,0,Admetus
545,4,3,1,0,Phylacus
563,4,4,0,0,Leonteus
1009,4,1,3,0,"King Peleus who is a mortal , while you are yourselves ageless and immortal"
938,4,2,2,0,lovely Themis
1010,4,4,0,0,Aretus
1015,4,4,0,0,Hector
611,4,4,0,0,Laodice
569,4,1,3,0,the Magnetes
946,4,2,2,0,Mecisteus
1014,4,2,2,0,Coiranus
897,4,3,1,0,Minos
1026,4,1,3,0,Charis
742,4,1,3,0,Antea
1044,4,4,0,0,Zephyrus
830,4,4,0,0,Ilus
752,4,4,0,0,Areithous
754,4,2,2,0,Eioneus
757,4,4,0,0,Priam
329,4,2,2,0,Protesilaus
26,4,4,0,0,Scamander
765,4,2,2,0,brave Archeptolemus
713,4,4,0,0,Simois
889,4,4,0,0,Actor
689,4,4,0,0,Paeeon
827,4,3,1,0,Isus
524,4,2,2,0,Amarynceus
869,4,4,0,0,Alcathous
888,4,3,1,0,Imbrius
833,4,3,1,0,Cisses
947,3,1,2,0,Deiochus
635,3,3,0,0,Eurymedon
750,3,3,0,0,Astyanax
898,3,2,1,0,Harpalion
756,3,3,0,0,Far - Darter
978,3,3,0,0,Lycon
633,3,3,0,0,Aesculapius
922,3,3,0,0,Perseus
925,3,3,0,0,Alcmena
783,3,3,0,0,Erebus
592,3,2,1,0,The Paphlagonians
973,3,1,2,0,the Selli
746,3,2,1,0,Great Oeneus
812,3,3,0,0,Amphidamas
813,3,2,1,0,Molus
816,3,2,1,0,the Cauconians
641,3,3,0,0,Haemon
825,3,1,2,0,Discord
850,3,3,0,0,Hippasus
694,3,3,0,0,Crethon
1000,3,3,0,0,Fate
441,3,3,0,0,Chryse
207,3,2,1,0,Oceanus
496,3,3,0,0,Schedius
501,3,3,0,0,the Locrians
538,3,2,1,0,Nireus
1030,3,3,0,0,Orion
578,3,3,0,0,Archelochus
1065,3,3,0,0,Pelegon
526,3,3,0,0,Augeas
498,3,3,0,0,mighty Iphitus the son of Naubolus
508,3,3,0,0,Capaneus
497,3,3,0,0,Epistrophus
460,3,3,0,0,Eurybates
1062,3,2,1,0,Eetion of Imbros
575,3,3,0,0,Dardanians
1083,3,3,0,0,Menelaus
464,3,2,1,0,Mother
465,3,3,0,0,Briseus
499,2,2,0,0,Panopeus
774,2,2,0,0,Ophelestes
924,2,2,0,0,Semele
876,2,2,0,0,Thootes
683,2,2,0,0,Otus
1047,2,2,0,0,Erichthonius
928,2,2,0,0,Areilycus
930,2,2,0,0,Promachus the Boeotian
871,2,2,0,0,the fighting Lapithae
676,2,2,0,0,Polyidus
512,2,2,0,0,Adrastus
673,2,1,1,0,Hypsenor
943,2,2,0,0,Iasus
1061,2,2,0,0,"noble son of Peires , who had come from fertile Thrace"
506,2,2,0,0,Chalcodon
668,2,2,0,0,Scamandrius
1027,2,2,0,0,Eurynome
510,2,2,0,0,Talaus
767,2,2,0,0,Podargus
657,2,2,0,0,Leucus
697,2,1,1,0,Diocles
491,2,2,0,0,Arcesilaus
892,2,1,1,0,Iron
1042,2,2,0,0,Alcimus
1041,2,2,0,0,Pelian
739,2,1,1,0,Sisyphus
478,2,2,0,0,Pelops
743,2,2,0,0,Isander
902,2,2,0,0,King Helenus
903,2,2,0,0,Phalces
744,2,2,0,0,Laodameia
1049,2,2,0,0,Capys
716,2,2,0,0,huge Periphas
489,2,2,0,0,O Muses
712,2,2,0,0,Gorgon
1063,2,2,0,0,Laothoe
492,2,2,0,0,Clonius
709,2,2,0,0,Noemon
1050,2,2,0,0,Fool
454,2,2,0,0,Caeneus
751,2,1,1,0,Menesthius
494,2,2,0,0,Ialmenus
453,2,2,0,0,Dryas
915,2,2,0,0,Night
916,2,2,0,0,Pasithea
701,2,2,0,0,Atymnius
1051,2,2,0,0,Otrynteus
699,2,2,0,0,Pylaemenes
655,2,2,0,0,Simoeisius
773,2,2,0,0,Ormenus
1048,2,2,0,0,Assaracus
989,2,1,1,0,Thrasydemus
792,2,2,0,0,Iphianassa
1085,2,1,1,0,Whoever
628,2,2,0,0,Hebe
598,2,2,0,0,noble Ascanius
964,2,2,0,0,Balius
599,2,2,0,0,Mesthles
965,2,2,0,0,Fair Polydora daughter of Peleus
793,2,2,0,0,Aepea
967,2,2,0,0,Eudorus
848,2,1,1,0,Deiopites
601,2,2,0,0,the Meonians
969,2,1,1,0,Phylas
565,2,1,1,0,Guneus
797,2,2,0,0,Erinyes
845,2,2,0,0,Paeon
844,2,2,0,0,Hypeirochus
841,2,1,1,0,Thymbraeus
1069,2,2,0,0,King Achelous
555,2,2,0,0,Podalirius
791,2,2,0,0,Chrysothemis
629,2,2,0,0,Laodocus
574,2,2,0,0,old Aesyetes
1082,2,2,0,0,Aethe
822,2,2,0,0,Tithonus
642,2,2,0,0,mighty Ereuthalion
516,2,2,0,0,Eurytus
821,2,2,0,0,Dawn
648,2,2,0,0,Maeon
857,2,2,0,0,Pylartes
645,2,2,0,0,Polynices
852,2,2,0,0,Wretch
638,2,2,0,0,Pelagon
650,2,2,0,0,Panic
787,2,2,0,0,Aphareus
882,1,1,0,0,Thestor
1070,1,1,0,0,Mnesus
887,1,1,0,0,Medesicaste
835,1,1,0,0,the Eilithuiae
1074,1,1,0,0,Baby
1073,1,1,0,0,Son Vulcan
1071,1,1,0,0,Thrasius
1075,1,1,0,0,stern
883,1,1,0,0,BOOK XIII
826,1,1,0,0,Bienor
1079,1,1,0,0,Arion
884,1,1,0,0,the Abians
886,1,1,0,0,Mentor
837,1,1,0,0,Opites
1076,1,1,0,0,Monster
836,1,1,0,0,Asaeus
859,1,1,0,0,Phausius
838,1,1,0,0,Aesymnus
1057,1,1,0,0,Demouchus
860,1,1,0,0,wise Arsinous
858,1,1,0,0,Apisaon
855,1,1,0,0,Lysandrus
1059,1,1,0,0,Laogonus
854,1,1,0,0,Pandocus
866,1,1,0,0,Hero Eurypylus
853,1,1,0,0,Doryclus
1064,1,1,0,0,aged Altes
867,1,1,0,0,Grenicus
1058,1,1,0,0,Philetor
849,1,1,0,0,Chersidamas
1056,1,1,0,0,Dryops
839,1,1,0,0,Orus
873,1,1,0,0,Pylon
874,1,1,0,0,Antiphates
875,1,1,0,0,Menon
1054,1,1,0,0,Hippodamas
1052,1,1,0,0,Hyllus
879,1,1,0,0,Pandion
86,1,1,0,0,Helice
1068,1,1,0,0,the Paeonians
843,1,1,0,0,Hippodamus
842,1,1,0,0,Molion
840,1,1,0,0,Hipponous
1067,1,1,0,0,Acessamenus
1034,1,1,0,0,Riot
890,1,1,0,0,the Ephyri
963,1,1,0,0,Moreover
975,1,1,0,0,Maris
974,1,1,0,0,Amphiclus
1011,1,1,0,0,scatheless
972,1,1,0,0,"god of the Pelasgi , who dwellest afar , you who hold wintry Dodona"
1012,1,1,0,0,Podes
970,1,1,0,0,Maemalus
1013,1,1,0,0,noble Alectryon
966,1,1,0,0,Perieres
1016,1,1,0,0,Glauce
977,1,1,0,0,Cleobulus
961,1,1,0,0,BOOK XVI
1017,1,1,0,0,dark - eyed Halie
959,1,1,0,0,King Euphetes
1018,1,1,0,0,Melite
957,1,1,0,0,Laodamas
956,1,1,0,0,the Phoceans
955,1,1,0,0,Perimedes
954,1,1,0,0,Protiaon
976,1,1,0,0,Amisodorus
1008,1,1,0,0,Arisbas
952,1,1,0,0,Pisenor
990,1,1,0,0,Panthous and Agenor
998,1,1,0,0,Zeus
997,1,1,0,0,Dymas
996,1,1,0,0,Elasus
995,1,1,0,0,Dear Phoebus
1002,1,1,0,0,the Cicons
993,1,1,0,0,Ithaemenes
992,1,1,0,0,Sthenelaus
991,1,1,0,0,Epeigeus
1005,1,1,0,0,Deisenor
1007,1,1,0,0,Leiocritus
987,1,1,0,0,Euippus
986,1,1,0,0,Ipheus
985,1,1,0,0,Pyris
984,1,1,0,0,Damastor
983,1,1,0,0,Epaltes
982,1,1,0,0,Amphoterus
1006,1,1,0,0,Epytus
980,1,1,0,0,Pronous
1019,1,1,0,0,Proto
1020,1,1,0,0,Amphinome
1045,1,1,0,0,BOOK XX
907,1,1,0,0,Jupiter
921,1,1,0,0,Danae
920,1,1,0,0,Ixion
919,1,1,0,0,Lectum
824,1,1,0,0,Polybus
911,1,1,0,0,Melas
910,1,1,0,0,Agrius
909,1,1,0,0,Portheus
908,1,1,0,0,fair Hecamede
1035,1,1,0,0,Daedalus
923,1,1,0,0,Rhadamanthus
905,1,1,0,0,Palmys
904,1,1,0,0,"Orthaeus , godlike Polyphetes"
901,1,1,0,0,the Phthians
900,1,1,0,0,Eriopis
1036,1,1,0,0,lovely Ariadne
1037,1,1,0,0,Erinys
1039,1,1,0,0,Sun
1040,1,1,0,0,Neoptolemus
1033,1,1,0,0,Strife
1032,1,1,0,0,Hymen
950,1,1,0,0,Mastor
941,1,1,0,0,Rhea
95,1,1,0,0,Alpheus
949,1,1,0,0,the Cythereans
948,1,1,0,0,Lycophron
1021,1,1,0,0,Doris
1022,1,1,0,0,Nemertes
945,1,1,0,0,Boucolos
944,1,1,0,0,Sphelus
942,1,1,0,0,Meges peer of Mars
1023,1,1,0,0,Apseudes
1031,1,1,0,0,the Wain
937,1,1,0,0,BOOK XV
1028,1,1,0,0,Heaven
935,1,1,0,0,Mermerus
934,1,1,0,0,Gyrtius
933,1,1,0,0,Alegenor
1029,1,1,0,0,the Hyads
929,1,1,0,0,Prothoenor
927,1,1,0,0,Satnius
1081,1,1,0,0,Pheres
582,1,1,0,0,Sestos
823,1,1,0,0,Cinyras
653,1,1,0,0,Thalysius
665,1,1,0,0,Phaesus
663,1,1,0,0,Dares
661,1,1,0,0,Imbrasus
513,1,1,0,0,Laas
514,1,1,0,0,Oetylus
1001,1,1,0,0,noble Phrontis
656,1,1,0,0,Anthemion
654,1,1,0,0,King Elephenor
652,1,1,0,0,Echepolus
820,1,1,0,0,BOOK XI
515,1,1,0,0,Thamyris
649,1,1,0,0,Polyphontes
646,1,1,0,0,Eteocles
517,1,1,0,0,Stymphelus
518,1,1,0,0,Parrhasia
521,1,1,0,0,Thalpius
522,1,1,0,0,Cteatus
525,1,1,0,0,Polyxenus
666,1,1,0,0,"son of Borus the Meonian , who had come from Varne"
669,1,1,0,0,Strophius
671,1,1,0,0,Pedaeus
505,1,1,0,0,The fierce Abantes
702,1,1,0,0,dread Enyo
700,1,1,0,0,squire Mydon
495,1,1,0,0,Azeus
691,1,1,0,0,Latona
690,1,1,0,0,Aegialeia
687,1,1,0,0,Amphitryon
686,1,1,0,0,Aloeus
685,1,1,0,0,Eeriboea
684,1,1,0,0,Ephialtes
682,1,1,0,0,Deipylus
502,1,1,0,0,Opous
680,1,1,0,0,Ganymede
503,1,1,0,0,Calliarus
678,1,1,0,0,Echemmon
504,1,1,0,0,fair Augeae
675,1,1,0,0,Abas
674,1,1,0,0,Astynous
637,1,1,0,0,Glad
636,1,1,0,0,Ptolemaeus
528,1,1,0,0,Aegilips
557,1,1,0,0,Ormenius
560,1,1,0,0,Oloosson
561,1,1,0,0,the Aithices
564,1,1,0,0,Coronus
604,1,1,0,0,Nomion
603,1,1,0,0,Maeander
600,1,1,0,0,Talaemenes
566,1,1,0,0,Cyphus
567,1,1,0,0,the Enienes
595,1,1,0,0,Chromis
568,1,1,0,0,dread Orcus
593,1,1,0,0,Parthenius
570,1,1,0,0,Tenthredon
591,1,1,0,0,Pyraechmes
590,1,1,0,0,Troezenus
589,1,1,0,0,Euphemus
571,1,1,0,0,O Muse
587,1,1,0,0,Teutamus
559,1,1,0,0,Elone
610,1,1,0,0,Helicaon
530,1,1,0,0,Olenus
612,1,1,0,0,Aethrae
632,1,1,0,0,Caria
531,1,1,0,0,Pylene
534,1,1,0,0,Miletus
627,1,1,0,0,Fandarus
539,1,1,0,0,Pheidippus
541,1,1,0,0,King Thessalus
542,1,1,0,0,Selepus
543,1,1,0,0,Iton
549,1,1,0,0,Alcestis
620,1,1,0,0,Castor
550,1,1,0,0,Pelias
551,1,1,0,0,Methone
617,1,1,0,0,Thymoetes
554,1,1,0,0,Rhene
615,1,1,0,0,Ucalegon
614,1,1,0,0,Clymene
613,1,1,0,0,Pittheus
703,1,1,0,0,Anchialus
704,1,1,0,0,Selagus
706,1,1,0,0,Coeranus
796,1,1,0,0,Hail
17,1,1,0,0,Troy
789,1,1,0,0,Creion
174,1,1,0,0,Typhoeus
189,1,1,0,0,Axius
785,1,1,0,0,BOOK IX
784,1,1,0,0,bold hussy
2,1,1,0,0,Olympus
781,1,1,0,0,Gorgo
219,1,1,0,0,Aesopus
779,1,1,0,0,Aesyme
778,1,1,0,0,fair Castianeira
777,1,1,0,0,Gorgythion
235,1,1,0,0,Trojan
775,1,1,0,0,Daetor
772,1,1,0,0,Ninth
771,1,1,0,0,Phradmon
770,1,1,0,0,Aegae
145,1,1,0,0,yellow Ceres
798,1,1,0,0,awful Proserpine
237,1,1,0,0,Pergamus
799,1,1,0,0,the Dolopians
819,1,1,0,0,Hippocoon
817,1,1,0,0,the Phrygians
815,1,1,0,0,Eumedes
814,1,1,0,0,the Cadmeians
1087,1,1,0,0,Pammon
811,1,1,0,0,Autolycus
1088,1,1,0,0,Antiphonus
1089,1,1,0,0,Dius
808,1,1,0,0,BOOK X. Ulysses
1090,1,1,0,0,Polyctor
806,1,1,0,0,Phorbas
805,1,1,0,0,Cleopatra
804,1,1,0,0,Alcyone
1092,1,1,0,0,O Trojans
802,1,1,0,0,Euenus
142,1,1,0,0,Lyrnessus
144,1,1,0,0,Pyrasus
768,1,1,0,0,Aethon
243,1,1,0,0,Titans
707,1,1,0,0,Alcandrus
734,1,1,0,0,Elatus
473,1,1,0,0,the Sintians
475,1,1,0,0,Lying Dream
730,1,1,0,0,Astyalus
4776,1,1,0,0,"First Adrestus , Autonous , Echeclus , Perimus the son of Megas , Epistor and Melanippus"
728,1,1,0,0,Abarbarea
726,1,1,0,0,Aesepus
725,1,1,0,0,Dresus
724,1,1,0,0,Calesius
723,1,1,0,0,Teuthranus
722,1,1,0,0,Axylus
721,1,1,0,0,Eussorus
479,1,1,0,0,Thyestes
485,1,1,0,0,Thersites
718,1,1,0,0,Sir
717,1,1,0,0,Ochesius
710,1,1,0,0,Teuthras
708,1,1,0,0,Halius
733,1,1,0,0,Ablerus
735,1,1,0,0,Melanthus
764,1,1,0,0,Morning
470,1,1,0,0,pages
763,1,1,0,0,Pale
263,1,1,0,0,Gargarus
761,1,1,0,0,Noble Ajax
760,1,1,0,0,Tychius
759,1,1,0,0,Iardanus
267,1,1,0,0,Lemnos
424,1,1,0,0,HOMER
425,1,1,0,0,Samuel Butler
755,1,1,0,0,Dexius
753,1,1,0,0,Phylomedusa
455,1,1,0,0,Exadius
748,1,1,0,0,Cisseus
456,1,1,0,0,Theseus
457,1,1,0,0,Aegeus
745,1,1,0,0,the Solymi
740,1,1,0,0,Aeolus
469,1,1,0,0,Briareus
790,1,1,0,0,Lesbians
