character,tag,count,novel
Amy,N,18,Phoebe_Junior
Amy,C,2,Phoebe_Junior
Amy,I,3,Phoebe_Junior
Amy,A,4,Phoebe_Junior
Amy,DC,7,Phoebe_Junior
Amy,DN,2,Phoebe_Junior
Anne,N,26,Phoebe_Junior
Anne,C,13,Phoebe_Junior
Anne,I,12,Phoebe_Junior
Anne,A,4,Phoebe_Junior
Anne,DC,12,Phoebe_Junior
Anne,DN,4,Phoebe_Junior
Betsy,N,40,Phoebe_Junior
Betsy,C,29,Phoebe_Junior
Betsy,I,16,Phoebe_Junior
Betsy,A,19,Phoebe_Junior
Betsy,DC,6,Phoebe_Junior
Betsy,DN,6,Phoebe_Junior
Carlingford,N,6,Phoebe_Junior
Carlingford,C,0,Phoebe_Junior
Carlingford,I,0,Phoebe_Junior
Carlingford,A,1,Phoebe_Junior
Carlingford,DC,6,Phoebe_Junior
Carlingford,DN,0,Phoebe_Junior
Christie,N,1,Phoebe_Junior
Christie,C,0,Phoebe_Junior
Christie,I,0,Phoebe_Junior
Christie,A,0,Phoebe_Junior
Christie,DC,4,Phoebe_Junior
Christie,DN,0,Phoebe_Junior
Clar,N,8,Phoebe_Junior
Clar,C,0,Phoebe_Junior
Clar,I,0,Phoebe_Junior
Clar,A,2,Phoebe_Junior
Clar,DC,8,Phoebe_Junior
Clar,DN,0,Phoebe_Junior
Clara,N,6,Phoebe_Junior
Clara,C,0,Phoebe_Junior
Clara,I,1,Phoebe_Junior
Clara,A,1,Phoebe_Junior
Clara,DC,11,Phoebe_Junior
Clara,DN,0,Phoebe_Junior
Cotsdean,N,107,Phoebe_Junior
Cotsdean,C,40,Phoebe_Junior
Cotsdean,I,73,Phoebe_Junior
Cotsdean,A,104,Phoebe_Junior
Cotsdean,DC,52,Phoebe_Junior
Cotsdean,DN,29,Phoebe_Junior
Cousin Anne,N,87,Phoebe_Junior
Cousin Anne,C,31,Phoebe_Junior
Cousin Anne,I,29,Phoebe_Junior
Cousin Anne,A,36,Phoebe_Junior
Cousin Anne,DC,61,Phoebe_Junior
Cousin Anne,DN,7,Phoebe_Junior
DEAR MAY,N,1,Phoebe_Junior
DEAR MAY,C,0,Phoebe_Junior
DEAR MAY,I,3,Phoebe_Junior
DEAR MAY,A,3,Phoebe_Junior
DEAR MAY,DC,11,Phoebe_Junior
DEAR MAY,DN,0,Phoebe_Junior
George,N,13,Phoebe_Junior
George,C,0,Phoebe_Junior
George,I,3,Phoebe_Junior
George,A,1,Phoebe_Junior
George,DC,11,Phoebe_Junior
George,DN,0,Phoebe_Junior
God,N,10,Phoebe_Junior
God,C,0,Phoebe_Junior
God,I,1,Phoebe_Junior
God,A,3,Phoebe_Junior
God,DC,6,Phoebe_Junior
God,DN,0,Phoebe_Junior
Grandmamma,N,8,Phoebe_Junior
Grandmamma,C,0,Phoebe_Junior
Grandmamma,I,2,Phoebe_Junior
Grandmamma,A,4,Phoebe_Junior
Grandmamma,DC,18,Phoebe_Junior
Grandmamma,DN,0,Phoebe_Junior
Grandpapa,N,18,Phoebe_Junior
Grandpapa,C,0,Phoebe_Junior
Grandpapa,I,8,Phoebe_Junior
Grandpapa,A,16,Phoebe_Junior
Grandpapa,DC,45,Phoebe_Junior
Grandpapa,DN,0,Phoebe_Junior
Heaven,N,13,Phoebe_Junior
Heaven,C,1,Phoebe_Junior
Heaven,I,2,Phoebe_Junior
Heaven,A,1,Phoebe_Junior
Heaven,DC,3,Phoebe_Junior
Heaven,DN,0,Phoebe_Junior
Henery,N,7,Phoebe_Junior
Henery,C,0,Phoebe_Junior
Henery,I,1,Phoebe_Junior
Henery,A,3,Phoebe_Junior
Henery,DC,8,Phoebe_Junior
Henery,DN,0,Phoebe_Junior
Holden,N,8,Phoebe_Junior
Holden,C,0,Phoebe_Junior
Holden,I,1,Phoebe_Junior
Holden,A,4,Phoebe_Junior
Holden,DC,2,Phoebe_Junior
Holden,DN,1,Phoebe_Junior
Horace Northcote,N,23,Phoebe_Junior
Horace Northcote,C,6,Phoebe_Junior
Horace Northcote,I,6,Phoebe_Junior
Horace Northcote,A,21,Phoebe_Junior
Horace Northcote,DC,8,Phoebe_Junior
Horace Northcote,DN,7,Phoebe_Junior
James,N,20,Phoebe_Junior
James,C,0,Phoebe_Junior
James,I,0,Phoebe_Junior
James,A,3,Phoebe_Junior
James,DC,1,Phoebe_Junior
James,DN,1,Phoebe_Junior
Jane,N,7,Phoebe_Junior
Jane,C,5,Phoebe_Junior
Jane,I,3,Phoebe_Junior
Jane,A,4,Phoebe_Junior
Jane,DC,1,Phoebe_Junior
Jane,DN,2,Phoebe_Junior
Janey,N,260,Phoebe_Junior
Janey,C,157,Phoebe_Junior
Janey,I,148,Phoebe_Junior
Janey,A,120,Phoebe_Junior
Janey,DC,76,Phoebe_Junior
Janey,DN,35,Phoebe_Junior
Joe,N,16,Phoebe_Junior
Joe,C,3,Phoebe_Junior
Joe,I,1,Phoebe_Junior
Joe,A,1,Phoebe_Junior
Joe,DC,2,Phoebe_Junior
Joe,DN,2,Phoebe_Junior
John,N,12,Phoebe_Junior
John,C,0,Phoebe_Junior
John,I,3,Phoebe_Junior
John,A,0,Phoebe_Junior
John,DC,11,Phoebe_Junior
John,DN,0,Phoebe_Junior
Johnnie,N,20,Phoebe_Junior
Johnnie,C,1,Phoebe_Junior
Johnnie,I,5,Phoebe_Junior
Johnnie,A,13,Phoebe_Junior
Johnnie,DC,8,Phoebe_Junior
Johnnie,DN,1,Phoebe_Junior
Jove,N,11,Phoebe_Junior
Jove,C,0,Phoebe_Junior
Jove,I,0,Phoebe_Junior
Jove,A,0,Phoebe_Junior
Jove,DC,7,Phoebe_Junior
Jove,DN,0,Phoebe_Junior
Lady Weston,N,5,Phoebe_Junior
Lady Weston,C,0,Phoebe_Junior
Lady Weston,I,1,Phoebe_Junior
Lady Weston,A,0,Phoebe_Junior
Lady Weston,DC,1,Phoebe_Junior
Lady Weston,DN,0,Phoebe_Junior
Mamma,N,9,Phoebe_Junior
Mamma,C,1,Phoebe_Junior
Mamma,I,4,Phoebe_Junior
Mamma,A,3,Phoebe_Junior
Mamma,DC,13,Phoebe_Junior
Mamma,DN,0,Phoebe_Junior
Maria Pigeon,N,10,Phoebe_Junior
Maria Pigeon,C,0,Phoebe_Junior
Maria Pigeon,I,0,Phoebe_Junior
Maria Pigeon,A,0,Phoebe_Junior
Maria Pigeon,DC,5,Phoebe_Junior
Maria Pigeon,DN,0,Phoebe_Junior
Martha,N,5,Phoebe_Junior
Martha,C,0,Phoebe_Junior
Martha,I,2,Phoebe_Junior
Martha,A,1,Phoebe_Junior
Martha,DC,2,Phoebe_Junior
Martha,DN,1,Phoebe_Junior
Miss,N,1,Phoebe_Junior
Miss,C,0,Phoebe_Junior
Miss,I,2,Phoebe_Junior
Miss,A,1,Phoebe_Junior
Miss,DC,7,Phoebe_Junior
Miss,DN,0,Phoebe_Junior
Miss Beecham,N,53,Phoebe_Junior
Miss Beecham,C,0,Phoebe_Junior
Miss Beecham,I,14,Phoebe_Junior
Miss Beecham,A,21,Phoebe_Junior
Miss Beecham,DC,70,Phoebe_Junior
Miss Beecham,DN,5,Phoebe_Junior
Miss Dorset,N,20,Phoebe_Junior
Miss Dorset,C,10,Phoebe_Junior
Miss Dorset,I,5,Phoebe_Junior
Miss Dorset,A,9,Phoebe_Junior
Miss Dorset,DC,1,Phoebe_Junior
Miss Dorset,DN,1,Phoebe_Junior
Miss Griffiths,N,5,Phoebe_Junior
Miss Griffiths,C,0,Phoebe_Junior
Miss Griffiths,I,0,Phoebe_Junior
Miss Griffiths,A,0,Phoebe_Junior
Miss Griffiths,DC,2,Phoebe_Junior
Miss Griffiths,DN,2,Phoebe_Junior
Miss May,N,17,Phoebe_Junior
Miss May,C,0,Phoebe_Junior
Miss May,I,1,Phoebe_Junior
Miss May,A,4,Phoebe_Junior
Miss May,DC,12,Phoebe_Junior
Miss May,DN,6,Phoebe_Junior
Miss Yonge,N,4,Phoebe_Junior
Miss Yonge,C,0,Phoebe_Junior
Miss Yonge,I,0,Phoebe_Junior
Miss Yonge,A,0,Phoebe_Junior
Miss Yonge,DC,5,Phoebe_Junior
Miss Yonge,DN,0,Phoebe_Junior
Mr. Beecham,N,31,Phoebe_Junior
Mr. Beecham,C,16,Phoebe_Junior
Mr. Beecham,I,10,Phoebe_Junior
Mr. Beecham,A,10,Phoebe_Junior
Mr. Beecham,DC,2,Phoebe_Junior
Mr. Beecham,DN,2,Phoebe_Junior
Mr. Copperhead,N,473,Phoebe_Junior
Mr. Copperhead,C,260,Phoebe_Junior
Mr. Copperhead,I,275,Phoebe_Junior
Mr. Copperhead,A,378,Phoebe_Junior
Mr. Copperhead,DC,210,Phoebe_Junior
Mr. Copperhead,DN,110,Phoebe_Junior
Mr. Copperhead--,N,4,Phoebe_Junior
Mr. Copperhead--,C,0,Phoebe_Junior
Mr. Copperhead--,I,1,Phoebe_Junior
Mr. Copperhead--,A,0,Phoebe_Junior
Mr. Copperhead--,DC,5,Phoebe_Junior
Mr. Copperhead--,DN,0,Phoebe_Junior
Mr. Simpson,N,8,Phoebe_Junior
Mr. Simpson,C,2,Phoebe_Junior
Mr. Simpson,I,5,Phoebe_Junior
Mr. Simpson,A,4,Phoebe_Junior
Mr. Simpson,DC,0,Phoebe_Junior
Mr. Simpson,DN,0,Phoebe_Junior
Mr. Tozer,N,24,Phoebe_Junior
Mr. Tozer,C,20,Phoebe_Junior
Mr. Tozer,I,26,Phoebe_Junior
Mr. Tozer,A,22,Phoebe_Junior
Mr. Tozer,DC,9,Phoebe_Junior
Mr. Tozer,DN,3,Phoebe_Junior
Mrs. Brown,N,3,Phoebe_Junior
Mrs. Brown,C,4,Phoebe_Junior
Mrs. Brown,I,4,Phoebe_Junior
Mrs. Brown,A,3,Phoebe_Junior
Mrs. Brown,DC,0,Phoebe_Junior
Mrs. Brown,DN,0,Phoebe_Junior
Mrs. Copperhead,N,61,Phoebe_Junior
Mrs. Copperhead,C,36,Phoebe_Junior
Mrs. Copperhead,I,30,Phoebe_Junior
Mrs. Copperhead,A,30,Phoebe_Junior
Mrs. Copperhead,DC,26,Phoebe_Junior
Mrs. Copperhead,DN,17,Phoebe_Junior
Mrs. Hurst,N,62,Phoebe_Junior
Mrs. Hurst,C,48,Phoebe_Junior
Mrs. Hurst,I,52,Phoebe_Junior
Mrs. Hurst,A,31,Phoebe_Junior
Mrs. Hurst,DC,31,Phoebe_Junior
Mrs. Hurst,DN,13,Phoebe_Junior
Mrs. Pigeon,N,5,Phoebe_Junior
Mrs. Pigeon,C,4,Phoebe_Junior
Mrs. Pigeon,I,5,Phoebe_Junior
Mrs. Pigeon,A,2,Phoebe_Junior
Mrs. Pigeon,DC,0,Phoebe_Junior
Mrs. Pigeon,DN,0,Phoebe_Junior
Mrs. Tozer,N,137,Phoebe_Junior
Mrs. Tozer,C,69,Phoebe_Junior
Mrs. Tozer,I,66,Phoebe_Junior
Mrs. Tozer,A,67,Phoebe_Junior
Mrs. Tozer,DC,38,Phoebe_Junior
Mrs. Tozer,DN,13,Phoebe_Junior
Northcote,N,148,Phoebe_Junior
Northcote,C,59,Phoebe_Junior
Northcote,I,103,Phoebe_Junior
Northcote,A,169,Phoebe_Junior
Northcote,DC,113,Phoebe_Junior
Northcote,DN,36,Phoebe_Junior
Old Tozer,N,10,Phoebe_Junior
Old Tozer,C,0,Phoebe_Junior
Old Tozer,I,1,Phoebe_Junior
Old Tozer,A,2,Phoebe_Junior
Old Tozer,DC,4,Phoebe_Junior
Old Tozer,DN,1,Phoebe_Junior
Papa,N,27,Phoebe_Junior
Papa,C,0,Phoebe_Junior
Papa,I,7,Phoebe_Junior
Papa,A,16,Phoebe_Junior
Papa,DC,41,Phoebe_Junior
Papa,DN,2,Phoebe_Junior
Phoebe,N,861,Phoebe_Junior
Phoebe,C,556,Phoebe_Junior
Phoebe,I,678,Phoebe_Junior
Phoebe,A,743,Phoebe_Junior
Phoebe,DC,241,Phoebe_Junior
Phoebe,DN,159,Phoebe_Junior
Poor Clarence,N,3,Phoebe_Junior
Poor Clarence,C,0,Phoebe_Junior
Poor Clarence,I,1,Phoebe_Junior
Poor Clarence,A,3,Phoebe_Junior
Poor Clarence,DC,2,Phoebe_Junior
Poor Clarence,DN,0,Phoebe_Junior
Providence,N,11,Phoebe_Junior
Providence,C,0,Phoebe_Junior
Providence,I,1,Phoebe_Junior
Providence,A,4,Phoebe_Junior
Providence,DC,5,Phoebe_Junior
Providence,DN,0,Phoebe_Junior
Reginald,N,651,Phoebe_Junior
Reginald,C,378,Phoebe_Junior
Reginald,I,495,Phoebe_Junior
Reginald,A,657,Phoebe_Junior
Reginald,DC,310,Phoebe_Junior
Reginald,DN,161,Phoebe_Junior
Robin,N,14,Phoebe_Junior
Robin,C,0,Phoebe_Junior
Robin,I,0,Phoebe_Junior
Robin,A,3,Phoebe_Junior
Robin,DC,12,Phoebe_Junior
Robin,DN,1,Phoebe_Junior
Sally,N,6,Phoebe_Junior
Sally,C,2,Phoebe_Junior
Sally,I,1,Phoebe_Junior
Sally,A,3,Phoebe_Junior
Sally,DC,3,Phoebe_Junior
Sally,DN,2,Phoebe_Junior
Sir Robert,N,76,Phoebe_Junior
Sir Robert,C,42,Phoebe_Junior
Sir Robert,I,40,Phoebe_Junior
Sir Robert,A,28,Phoebe_Junior
Sir Robert,DC,24,Phoebe_Junior
Sir Robert,DN,6,Phoebe_Junior
Sophy,N,85,Phoebe_Junior
Sophy,C,72,Phoebe_Junior
Sophy,I,45,Phoebe_Junior
Sophy,A,56,Phoebe_Junior
Sophy,DC,25,Phoebe_Junior
Sophy,DN,3,Phoebe_Junior
The Beechams,N,4,Phoebe_Junior
The Beechams,C,0,Phoebe_Junior
The Beechams,I,2,Phoebe_Junior
The Beechams,A,2,Phoebe_Junior
The Beechams,DC,2,Phoebe_Junior
The Beechams,DN,5,Phoebe_Junior
Tozer,N,13,Phoebe_Junior
Tozer,C,6,Phoebe_Junior
Tozer,I,8,Phoebe_Junior
Tozer,A,6,Phoebe_Junior
Tozer,DC,10,Phoebe_Junior
Tozer,DN,0,Phoebe_Junior
Una,N,3,Phoebe_Junior
Una,C,0,Phoebe_Junior
Una,I,0,Phoebe_Junior
Una,A,0,Phoebe_Junior
Una,DC,3,Phoebe_Junior
Una,DN,1,Phoebe_Junior
Ursula,N,621,Phoebe_Junior
Ursula,C,348,Phoebe_Junior
Ursula,I,433,Phoebe_Junior
Ursula,A,396,Phoebe_Junior
Ursula,DC,257,Phoebe_Junior
Ursula,DN,106,Phoebe_Junior
Wilson,N,5,Phoebe_Junior
Wilson,C,0,Phoebe_Junior
Wilson,I,2,Phoebe_Junior
Wilson,A,0,Phoebe_Junior
Wilson,DC,6,Phoebe_Junior
Wilson,DN,1,Phoebe_Junior
Young Copperhead,N,4,Phoebe_Junior
Young Copperhead,C,0,Phoebe_Junior
Young Copperhead,I,2,Phoebe_Junior
Young Copperhead,A,7,Phoebe_Junior
Young Copperhead,DC,11,Phoebe_Junior
Young Copperhead,DN,2,Phoebe_Junior
that Copperhead -- Woodenhead,N,1,Phoebe_Junior
that Copperhead -- Woodenhead,C,0,Phoebe_Junior
that Copperhead -- Woodenhead,I,0,Phoebe_Junior
that Copperhead -- Woodenhead,A,2,Phoebe_Junior
that Copperhead -- Woodenhead,DC,6,Phoebe_Junior
that Copperhead -- Woodenhead,DN,0,Phoebe_Junior
the Copperheads,N,9,Phoebe_Junior
the Copperheads,C,0,Phoebe_Junior
the Copperheads,I,0,Phoebe_Junior
the Copperheads,A,1,Phoebe_Junior
the Copperheads,DC,2,Phoebe_Junior
the Copperheads,DN,0,Phoebe_Junior
the Dorsets,N,41,Phoebe_Junior
the Dorsets,C,0,Phoebe_Junior
the Dorsets,I,3,Phoebe_Junior
the Dorsets,A,6,Phoebe_Junior
the Dorsets,DC,20,Phoebe_Junior
the Dorsets,DN,4,Phoebe_Junior
the Mays,N,21,Phoebe_Junior
the Mays,C,0,Phoebe_Junior
the Mays,I,2,Phoebe_Junior
the Mays,A,5,Phoebe_Junior
the Mays,DC,7,Phoebe_Junior
the Mays,DN,2,Phoebe_Junior
the Tozers,N,5,Phoebe_Junior
the Tozers,C,0,Phoebe_Junior
the Tozers,I,0,Phoebe_Junior
the Tozers,A,3,Phoebe_Junior
the Tozers,DC,2,Phoebe_Junior
the Tozers,DN,1,Phoebe_Junior
