novel,graph_type,n_nodes,n_edges,density,degree_mean,degree_std,degree_max,degree_gini,degree_centralization,assortativity,clustering_avg,transitivity,avg_path_length,n_components,largest_component_frac,delta_max,delta_mean,delta_median,small_world_sigma,powerlaw_alpha,powerlaw_xmin
A_Tale_of_Two_Cities,cooccurrence,175,396,0.026009852216748768,4.525714285714286,7.6925322918545165,52,0.6643145743145742,0.2759949505016278,-0.2874767674057567,0.4144552108936321,0.26011560693641617,2.7017429193899782,35,0.7771428571428571,1.0,0.165,0.0,3.828917385530517,1.9380799789809409,1.0
A_Tale_of_Two_Cities,dialogue,34,81,0.1443850267379679,4.764705882352941,4.372768832951953,17,0.48039215686274517,0.3939393939393939,-0.21167048054919888,0.32785377348526135,0.4142857142857143,2.4402852049910875,1,1.0,1.0,0.189,0.0,2.113444110625815,1.741701424346342,1.0
Adam_Bede,cooccurrence,309,1657,0.03482116588912705,10.724919093851133,18.48060455544013,150,0.6200330850974487,0.45513769618004146,-0.36423988333937235,0.7315245779337745,0.2340122820516543,2.3917308253462326,10,0.9676375404530745,1.0,0.1595,0.0,3.6720647772436332,1.7140464357289011,1.0
Adam_Bede,dialogue,63,188,0.09626216077828981,5.968253968253968,6.458581725406446,29,0.5098784194528876,0.38365943945002645,-0.25014969950295407,0.43615928859592745,0.32161921708185054,2.401433691756272,1,1.0,1.0,0.17,0.0,2.1040741436322743,1.59634026078169,1.0
Almayer's_Folly,cooccurrence,92,400,0.09555661729574773,8.695652173913043,11.053957711897052,65,0.5732880434782608,0.6324786324786325,-0.37590877268486467,0.6873602177100839,0.3779744798252673,2.032716049382716,10,0.8804347826086957,0.5,0.1155,0.0,2.9890081989286763,1.4882475246738296,1.0
Almayer's_Folly,dialogue,23,47,0.1857707509881423,4.086956521739131,3.2692645560186895,12,0.41443108233117476,0.3939393939393939,-0.2691490405047567,0.47416713721061543,0.3805970149253731,2.430830039525692,1,1.0,1.0,0.1395,0.0,2.409058455009428,1.5612205333088647,1.0
Armadale,cooccurrence,279,981,0.025295892318403342,7.032258064516129,14.773403118578065,134,0.6514747953043307,0.4600161026413526,-0.38532948414090606,0.5969562524305034,0.18372566274337257,2.388981868898187,36,0.8602150537634409,0.5,0.1275,0.0,4.045910919667937,1.8253324940989497,1.0
Armadale,dialogue,34,79,0.1408199643493761,4.647058823529412,4.48449848295198,22,0.4597915115413256,0.5587121212121212,-0.30827482234637765,0.5080107800696035,0.3476190476190476,2.2887700534759357,1,1.0,1.0,0.1045,0.0,2.736068776939008,1.6962230892527221,1.0
Aurora_Floyd1,cooccurrence,216,789,0.033979328165374675,7.305555555555555,14.159775012162505,132,0.5629606158756983,0.5853944794609868,-0.3529879510841994,0.7647746463330762,0.17518494874009538,2.2739637305699483,20,0.8935185185185185,0.5,0.12,0.0,4.385732003711317,1.8556112866238217,1.0
Aurora_Floyd1,dialogue,22,37,0.16017316017316016,3.3636363636363638,3.08287726505694,14,0.39680589680589695,0.5571428571428572,-0.3796698830099318,0.4125485625485626,0.28125,2.354978354978355,1,1.0,1.5,0.125,0.0,3.0457834275761364,1.711920995261218,1.0
Aurora_Floyd2,cooccurrence,184,583,0.034628177714421476,6.336956521739131,10.293283134829325,79,0.5665038407040048,0.4014291719209752,-0.3051128387863085,0.6951522589422534,0.22770044326930555,2.5133037694013303,18,0.8967391304347826,0.5,0.1405,0.0,4.474723921509628,1.9247599342241408,1.0
Aurora_Floyd2,dialogue,29,64,0.15763546798029557,4.413793103448276,3.961167029179139,16,0.4337284482758621,0.4444444444444444,-0.3191228006792153,0.3894175747624023,0.32286995515695066,2.2438423645320196,1,1.0,1.0,0.157,0.0,2.083808302870491,1.5962825311989004,1.0
Aurora_Floyd3,cooccurrence,102,322,0.06251213356629781,6.313725490196078,9.254548846703274,58,0.5749604189501889,0.521980198019802,-0.3679288562665925,0.6572017060891977,0.26106267478203654,2.2489481065918655,9,0.9117647058823529,0.5,0.1275,0.0,3.7263326000195875,1.7322545571401726,1.0
Aurora_Floyd3,dialogue,24,52,0.18840579710144928,4.333333333333333,3.815174380753199,15,0.44150641025641013,0.5059288537549407,-0.43198709858365014,0.557771164021164,0.3793103448275862,2.1739130434782608,1,1.0,1.0,0.1395,0.0,2.6378619519549393,1.81375421851197,1.0
Barchester_Towers,cooccurrence,373,1707,0.02460434143388394,9.152815013404826,14.71282651952581,135,0.614352508437894,0.3401225980349535,-0.23088098403512194,0.6763215139495734,0.3005083996463307,2.7428949107732983,17,0.9571045576407506,0.5,0.134,0.0,4.543649390267411,1.8304284332236838,1.0
Barchester_Towers,dialogue,64,152,0.07539682539682539,4.75,5.393862252597854,28,0.5048314144736843,0.38095238095238093,-0.2783181597399529,0.467743765629795,0.27381745502998,2.6478174603174605,1,1.0,1.0,0.167,0.0,3.172704779603819,1.8254565078405482,1.0
Belinda,cooccurrence,365,1701,0.025605900948366702,9.32054794520548,21.031189877060253,223,0.6365635041434128,0.5902657948112494,-0.36899444754433164,0.7823604754743028,0.16502766798418972,2.238931452979863,18,0.9424657534246575,1.0,0.143,0.0,4.2273679916565,1.6899021320382055,1.0
Belinda,dialogue,47,126,0.11655874190564293,5.361702127659575,5.770156279143585,25,0.49881796690307345,0.4458937198067633,-0.3558161320541399,0.5673988197022424,0.31756756756756754,2.282146160962072,1,1.0,1.0,0.154,0.0,2.917984720719068,1.5284503079180853,1.0
Bébée,cooccurrence,130,284,0.03387000596302922,4.369230769230769,7.936418938169164,78,0.5896803900325027,0.5796996124031008,-0.2834417277084291,0.5430370495097747,0.19778261730350424,2.3626373626373627,19,0.8076923076923077,1.0,0.058,0.0,3.9331852806978094,1.9393058195122093,1.0
Bébée,dialogue,17,25,0.18382352941176472,2.9411764705882355,2.7326046233733963,13,0.3788235294117648,0.7125,-0.44378063725490197,0.3883861236802413,0.24107142857142858,2.1323529411764706,1,1.0,1.0,0.073,0.0,2.8310826996862715,1.769794174705737,1.0
Can_You_Forgive_Her,cooccurrence,470,1669,0.015143129338111872,7.102127659574468,17.448471119534656,211,0.6464439146896472,0.4366081679514515,-0.38891775740590473,0.6916609690033673,0.13313348831518415,2.558100777726946,37,0.9127659574468086,1.0,0.1325,0.0,4.346443995121729,1.9310694721599304,1.0
Can_You_Forgive_Her,dialogue,78,205,0.06826506826506827,5.256410256410256,6.051988224766744,27,0.5180737961225768,0.2898154477101845,-0.29541371410169137,0.5789948748749326,0.2790091264667536,2.6916416916416916,1,1.0,1.0,0.1465,0.0,3.3663790242898997,1.8507149977079445,1.0
Daniel_Deronda,cooccurrence,588,2322,0.013454785662135382,7.8979591836734695,18.459639626894038,245,0.6278066351432907,0.4053002773400934,-0.29546637822665983,0.7038208568554233,0.14328743545611017,2.5546641077625702,47,0.8962585034013606,0.5,0.1215,0.0,5.058249381186496,1.9422271630154204,1.0
Daniel_Deronda,dialogue,107,263,0.046376300476106504,4.91588785046729,6.8796347101013895,47,0.5233289506414129,0.4045822102425876,-0.309742544716712,0.5421797463939215,0.20634475014037057,2.6365720331511198,1,1.0,1.0,0.1305,0.0,3.4891105336189825,1.7217525208113555,1.0
Deerbrook,cooccurrence,235,1539,0.05597381342062193,13.097872340425532,20.536915276888248,131,0.6604177899437325,0.5081801841458494,-0.38644568033401683,0.6724131758973991,0.3765841351795353,2.206791426293326,26,0.8808510638297873,1.0,0.134,0.0,2.8624805210966304,1.4123183445616092,1.0
Deerbrook,dialogue,47,179,0.16558741905642924,7.617021276595745,7.009274073832503,30,0.47153215262094395,0.5082125603864734,-0.300116452258992,0.566734733188206,0.41299700726806327,2.122109158186864,1,1.0,1.0,0.1785,0.0,2.227937439388413,1.4305843769015332,1.0
Dombey_and_Son,cooccurrence,466,2093,0.01931791960865753,8.982832618025752,18.234633289532937,198,0.6719475709959011,0.4082406377456433,-0.29938099888206193,0.6285185010710548,0.2046272602754271,2.5858549550138337,35,0.9206008583690987,0.5,0.147,0.0,4.179529218222406,1.8371188355430508,1.0
Dombey_and_Son,dialogue,92,291,0.06951743908265648,6.326086956521739,7.587330251166391,41,0.5356342447333033,0.3894993894993895,-0.24461218814816219,0.5379592931753173,0.29728442115292997,2.509555661729575,1,1.0,1.0,0.1525,0.0,2.9609423695160473,1.7833537513656288,1.0
East_Lynne,cooccurrence,303,1498,0.032741022446615524,9.887788778877887,18.08927118692728,162,0.6590900077991779,0.5070295483047678,-0.35288828346368917,0.6632316800946714,0.25087457066530977,2.4273129945752254,19,0.9372937293729373,1.0,0.1435,0.0,3.3001976691691337,1.7488756960730274,1.0
East_Lynne,dialogue,77,241,0.082365003417635,6.259740259740259,7.74999387918082,48,0.5272403944603117,0.5638596491228071,-0.3088103599166677,0.5408052680312648,0.2798882681564246,2.3485987696514012,1,1.0,1.0,0.144,0.0,2.656594336201329,1.7475345802540756,1.0
Emma,cooccurrence,322,1917,0.03709293550821385,11.906832298136646,22.085042081791123,203,0.6447914540382391,0.5990264797507788,-0.406265401513812,0.8175332932258039,0.2670964238304035,2.257802899975424,9,0.9720496894409938,0.5,0.149,0.0,3.4447289116815423,1.6380093448730695,1.0
Emma,dialogue,45,113,0.11414141414141414,5.022222222222222,6.298108671617709,32,0.5347099311701082,0.6416490486257929,-0.4848129853504194,0.5487790872573481,0.3585746102449889,2.1575757575757577,1,1.0,1.0,0.0945,0.0,2.6777361089312537,1.7003466242143188,1.0
Esther_Waters,cooccurrence,240,968,0.03375174337517434,8.066666666666666,14.237996894070301,142,0.601373106060606,0.5650996800393797,-0.28703008253861295,0.6611208387659268,0.21955914910000962,2.319551117938215,24,0.9041666666666667,0.5,0.1175,0.0,4.113978574319001,1.6995839830917907,1.0
Esther_Waters,dialogue,58,127,0.07683000604960677,4.379310344827586,6.577987288354627,40,0.5194135215856639,0.6472431077694235,-0.44795565298478324,0.5516201524961258,0.1834916864608076,2.278886872353297,1,1.0,0.5,0.0915,0.0,4.980815708638189,1.8668251383327112,1.0
Guy_Mannering,cooccurrence,649,2785,0.013244497707774545,8.582434514637905,15.731757589240821,128,0.6575939229805279,0.18485603068292403,-0.16970662322898988,0.6334233224930155,0.3170753349699784,2.8093598262202915,79,0.8628659476117103,1.0,0.1365,0.0,5.512025761451616,1.7644348032783637,1.0
Guy_Mannering,dialogue,99,225,0.04638218923933209,4.545454545454546,5.705345229460511,30,0.5168125701459034,0.2650957290132548,-0.166363884501282,0.43613955740923505,0.24533001245330013,2.9231086373943516,1,1.0,1.0,0.169,0.0,2.8877681378886475,1.9326606046560764,1.0
Hard_Cash,cooccurrence,746,2698,0.009709052305809958,7.233243967828418,17.925501759707107,285,0.6538708049056297,0.37384354477881215,-0.24876069079246174,0.6360413647757303,0.14665144763702614,2.7022629881072753,82,0.8646112600536193,1.0,0.1235,0.0,5.283516285916904,2.004006368258905,1.0
Hard_Cash,dialogue,114,307,0.047663406303369044,5.385964912280702,7.889042780893564,62,0.5375450025715756,0.5099557522123894,-0.3017054427815922,0.5472804511472896,0.21025745811197386,2.5483620555814315,1,1.0,1.0,0.108,0.0,3.6600735851349624,1.9274995883837742,1.0
Hard_Times,cooccurrence,179,462,0.029000062770698637,5.162011173184357,9.62721400959111,78,0.6301603424508453,0.41382593791658734,-0.36702534534296016,0.5442222385443325,0.20434527304756311,2.5408368942997663,19,0.88268156424581,1.0,0.1255,0.0,4.194254819747122,1.9895978087062676,1.0
Hard_Times,dialogue,21,62,0.29523809523809524,5.904761904761905,4.0930226565608185,16,0.3732718894009217,0.5578947368421052,-0.3531271689673781,0.5897031539888683,0.48125,1.8047619047619048,1,1.0,1.0,0.1655,0.0,2.2987433953706136,1.069569247187423,1.0
Jack_Sheppard,cooccurrence,373,1256,0.01810372164086598,6.734584450402145,14.653891124729126,162,0.623377759942624,0.4196301770860505,-0.3013177377320337,0.6303617918458411,0.15612367992211806,2.561597525669382,33,0.8954423592493298,1.0,0.1275,0.0,,1.9788846811903285,1.0
Jack_Sheppard,dialogue,77,202,0.06903622693096377,5.246753246753247,6.969610926843792,41,0.5388324546740388,0.4829824561403509,-0.35158171166553753,0.5404793264682979,0.2540322580645161,2.4135338345864663,1,1.0,1.0,0.137,0.0,3.7478747816015923,1.7383802004938051,1.0
Jude_the_Obscure,cooccurrence,247,559,0.018399657680787333,4.526315789473684,10.62758974342386,131,0.5754926741651156,0.5183175709308113,-0.3037827223169576,0.606868311142849,0.13379396984924624,2.3427011036522924,34,0.7611336032388664,0.5,0.0795,0.0,5.891059334339083,2.056910709208842,1.0
Jude_the_Obscure,dialogue,23,43,0.16996047430830039,3.739130434782609,3.858557866492833,15,0.4641051567239636,0.5606060606060606,-0.584007187780773,0.5515194949977559,0.31141868512110726,2.039525691699605,1,1.0,1.0,0.124,0.0,3.917696624481864,1.8015521192220814,1.0
Lady_Audley's_Secret,cooccurrence,262,724,0.021175163054605012,5.526717557251908,12.019277292339575,152,0.6111193117118638,0.5655172413793104,-0.28070847674556726,0.648173481474046,0.15309431582740293,2.4058997050147495,28,0.8625954198473282,0.5,0.0935,0.0,5.041261954156742,2.01706322213313,1.0
Lady_Audley's_Secret,dialogue,42,80,0.09291521486643438,3.8095238095238093,5.229213248837158,33,0.4961309523809525,0.7475609756097561,-0.3980410131797529,0.4485904968047825,0.18773466833541927,2.1846689895470384,1,1.0,1.0,0.046,0.0,4.10688321842837,1.845016483762411,1.0
Love_and_Mr._Lewisham,cooccurrence,168,385,0.027445109780439122,4.583333333333333,9.519664276459961,100,0.5887291280148423,0.5782411081451555,-0.3360412057394461,0.5656723891953997,0.13612099644128114,2.3599116997792495,16,0.8988095238095238,1.0,0.073,0.0,4.753880608611048,1.950915122177694,1.0
Love_and_Mr._Lewisham,dialogue,22,40,0.17316017316017315,3.6363636363636362,4.040088371507086,20,0.4534090909090909,0.8571428571428571,-0.5123941774773129,0.5638888888888889,0.2631578947368421,1.878787878787879,1,1.0,0.5,0.0575,0.0,5.031359234674514,1.7123684480590748,1.0
Mansfield_Park,cooccurrence,200,1191,0.05984924623115578,11.91,18.5027538490896,141,0.6077078085642318,0.6552459266027105,-0.38532586784843537,0.7754517911422448,0.3088356729975227,2.1353940406571987,10,0.95,1.0,0.1235,0.0,3.433650502291003,1.6070137190602525,1.0
Mansfield_Park,dialogue,28,108,0.2857142857142857,7.714285714285714,5.592451180303823,19,0.4074074074074072,0.45014245014245013,-0.21744015180837775,0.6633177292509446,0.6036113499570077,1.939153439153439,1,1.0,1.0,0.1555,0.0,2.148832466639212,1.0903802647560155,1.0
Mary_Barton,cooccurrence,298,679,0.015343592524800578,4.557046979865772,11.012124221524022,132,0.6728163208824662,0.432000182000182,-0.3190066405841736,0.5013063786406537,0.1631517281780902,2.569765528589058,61,0.7416107382550335,0.5,0.1075,0.0,4.2784616013095045,2.0211059578628014,1.0
Mary_Barton,dialogue,52,109,0.08220211161387632,4.1923076923076925,5.498385992335393,31,0.5157021877205363,0.5466666666666666,-0.41861208445757003,0.5055546225211238,0.23015873015873015,2.4064856711915534,1,1.0,0.5,0.113,0.0,3.480643596486708,1.8633345692132506,1.0
Melmoth_the_Wanderer1,cooccurrence,179,454,0.028497897181595632,5.072625698324022,6.684450339850822,52,0.49805576747963465,0.2666158826890116,-0.19147063566710756,0.7069664572570292,0.34986320109439123,2.767496039511695,22,0.8212290502793296,1.0,0.1155,0.0,7.418881811558982,2.018928783438987,1.0
Melmoth_the_Wanderer1,dialogue,29,39,0.0960591133004926,2.689655172413793,2.214426808000321,10,0.3297966401414676,0.2804232804232804,-0.32240498512322463,0.25210727969348656,0.13138686131386862,2.896551724137931,1,1.0,1.0,0.1175,0.0,3.2616027764631643,1.8400895878766743,1.0
Melmoth_the_Wanderer2,cooccurrence,84,110,0.03155479059093517,2.619047619047619,4.168774976807484,35,0.531818181818182,0.3996473699676756,-0.24967709777297528,0.512625050020008,0.2444933920704846,2.2987974098057355,23,0.5595238095238095,0.5,0.0295,0.0,5.821703135262811,2.093669087114037,1.0
Melmoth_the_Wanderer2,dialogue,17,21,0.15441176470588236,2.4705882352941178,1.288758958835685,6,0.23809523809523814,0.25,-0.4000000000000007,0.08235294117647059,0.06666666666666667,2.7573529411764706,1,1.0,1.0,0.19,0.0,2.1919130434782605,1.8366927683530478,1.0
Melmoth_the_Wanderer3,cooccurrence,157,512,0.04180957047199085,6.522292993630574,9.39005164530078,51,0.643374303343949,0.28879239040529364,-0.009586936915704473,0.5623112313959608,0.6428351625807776,2.5829858215179318,34,0.7006369426751592,1.0,0.0925,0.0,3.397239258253293,1.6921695012710631,1.0
Melmoth_the_Wanderer3,dialogue,37,49,0.07357357357357357,2.6486486486486487,1.4559517406654736,8,0.2476558190843905,0.15714285714285714,-0.05012098167991705,0.12181467181467182,0.125,3.8843843843843846,1,1.0,1.5,0.244,0.0,2.6913706551306666,1.9548035402872659,1.0
Melmoth_the_Wanderer4,cooccurrence,197,628,0.03252874753962499,6.375634517766497,7.811290489743272,56,0.5221636651686121,0.25578231292517006,-0.2578485391085626,0.7352700840884225,0.34966972086085657,2.849721202230382,20,0.8730964467005076,1.0,0.1395,0.0,6.451847358225027,1.8051355477430027,1.0
Melmoth_the_Wanderer4,dialogue,38,66,0.09388335704125178,3.473684210526316,2.392277511023897,9,0.3361244019138756,0.15765765765765766,-0.21679342865835033,0.3094402673350042,0.22058823529411764,3.0398293029871977,1,1.0,1.5,0.2225,0.0,3.280054143100553,1.5799522955404148,1.0
Middlemarch,cooccurrence,678,3077,0.013407232149470812,9.076696165191741,19.98945193082354,243,0.6359573311552167,0.3465515282354278,-0.279295552320508,0.6988003550076559,0.16226787017572314,2.6289099108895,48,0.9174041297935103,1.0,0.1395,0.0,4.969139400491943,1.8820693255433343,1.0
Middlemarch,dialogue,136,398,0.04335511982570806,5.852941176470588,7.7426714987603775,46,0.5418083062370678,0.3018242122719735,-0.30179297698945456,0.5051298242666676,0.2072237017310253,2.696732026143791,1,1.0,1.0,0.182,0.0,3.456790075914935,1.8365907772255967,1.0
Miss_Marjoribanks,cooccurrence,198,1385,0.07101471568476644,13.98989898989899,21.89229602491073,172,0.582908507457244,0.8102662384750855,-0.4101277822944465,0.7967178984637386,0.2594324485398615,2.0001046572475145,2,0.98989898989899,1.0,0.0825,0.0,3.238918139354086,1.58360378501609,1.0
Miss_Marjoribanks,dialogue,52,160,0.12066365007541478,6.153846153846154,7.22544812393778,40,0.5213942307692307,0.6901960784313725,-0.41869053749302393,0.5601161303084379,0.29422548120989916,2.0935143288084466,1,1.0,1.0,0.1125,0.0,2.8859767048611955,1.6201463458518817,1.0
Mr._Midshipman_Easy,cooccurrence,242,757,0.0259593292411097,6.256198347107438,12.712347694054891,144,0.6389237638787295,0.5763139695712309,-0.2940198790186808,0.5889473854642033,0.18905366931542938,2.426966785134483,28,0.8842975206611571,0.5,0.095,0.0,3.8189528731701214,1.9173667355143387,1.0
Mr._Midshipman_Easy,dialogue,54,127,0.08874912648497554,4.703703703703703,6.792233117835644,44,0.49023038786818307,0.7699564586357039,-0.43459240449949293,0.6901001429425201,0.18356643356643357,2.143256464011181,1,1.0,0.5,0.0745,0.0,3.892569357877789,1.8563920024209701,1.0
New_Grub_Street,cooccurrence,232,701,0.026160620988207196,6.043103448275862,11.349002873850978,91,0.6548649712233754,0.3709768492377188,-0.3631789205775502,0.5248373395686098,0.23024464169733708,2.5555766043097323,25,0.8879310344827587,0.5,0.1255,0.0,3.7901665366259634,1.8703420100012556,1.0
New_Grub_Street,dialogue,31,83,0.17849462365591398,5.354838709677419,4.624956056263944,19,0.4527788573649436,0.4862068965517241,-0.33947538635063745,0.5786181843057905,0.4069264069264069,2.1118279569892473,1,1.0,1.0,0.152,0.0,2.811345109810208,1.537594132145223,1.0
North_and_South,cooccurrence,291,1053,0.02495556345538571,7.237113402061856,15.750703816190342,180,0.6717217702326523,0.5998568189953466,-0.35369859146436133,0.6018989684305256,0.1948481155072192,2.317966230316828,37,0.865979381443299,1.0,0.091,0.0,3.8654150216956586,1.8368298682329214,1.0
North_and_South,dialogue,71,158,0.0635814889336016,4.450704225352113,7.357641868850632,54,0.5494740595471563,0.7283643892339544,-0.4223148135340217,0.5826011272296036,0.16781516011349817,2.221327967806841,1,1.0,1.0,0.0735,0.0,4.286938854428689,1.7676058762227915,1.0
Old_Mortality,cooccurrence,738,3570,0.013127268314745562,9.674796747967479,16.908647873977632,242,0.5953291885860035,0.31608754645743614,-0.13966442857207537,0.7285951616120768,0.29187276044758076,2.9545149878979706,62,0.8888888888888888,1.0,0.149,0.0,6.782424457463027,1.8398927845375785,1.0
Old_Mortality,dialogue,130,246,0.02933810375670841,3.7846153846153845,5.321920728147535,38,0.48877423389618513,0.2693798449612403,-0.1586060538367026,0.3391021619860629,0.22209026128266032,7.137984496124031,1,1.0,1.0,0.0855,0.0,1.2296095141163617,1.9542678090262895,1.0
Oliver_Twist,cooccurrence,180,553,0.034326505276225945,6.144444444444445,10.402522248753062,87,0.665230058268033,0.4567823739878225,-0.2900727057494549,0.49607771228411746,0.34591544818817543,2.550825593395253,27,0.85,0.5,0.1,0.0,4.002646365729383,1.743996723454975,1.0
Oliver_Twist,dialogue,42,133,0.15447154471544716,6.333333333333333,4.99364675728149,25,0.4047619047619049,0.47804878048780486,-0.2423252500642809,0.6101818287532573,0.36739659367396593,2.1846689895470384,1,1.0,1.0,0.19,0.0,2.7483171711807373,1.3089681232308665,1.0
Our_Mutual_Friend,cooccurrence,558,2135,0.013738473517242267,7.652329749103942,14.752227944934088,183,0.6393392259071793,0.3159397078387559,-0.24029186858660045,0.644735072391486,0.20385472697908463,2.856621401412276,33,0.942652329749104,1.0,0.1635,0.0,4.962039921006616,1.9923789790140671,1.0
Our_Mutual_Friend,dialogue,103,271,0.051589567865981345,5.262135922330097,5.825889931683249,34,0.5130226059542149,0.28732284993205204,-0.1968066035898166,0.4211941785681278,0.2490527040992077,2.8172472872644203,1,1.0,1.0,0.177,0.0,3.355404687810645,1.957396632592377,1.0
Paul_Clifford,cooccurrence,576,1733,0.010464975845410628,6.017361111111111,13.562472887126566,173,0.6407432118356093,0.29141645205271927,-0.2753082283537659,0.596047274102581,0.17069888114155993,2.7711103126122887,79,0.8402777777777778,1.0,0.133,0.0,6.378139342749162,2.060803085182004,1.0
Paul_Clifford,dialogue,80,163,0.051582278481012656,4.075,5.144839647646951,27,0.5034509202453987,0.2976306394027913,-0.23884660248015965,0.3492831887897677,0.21153846153846154,3.1319620253164557,1,1.0,1.0,0.139,0.0,2.536860267250745,1.9030945253444203,1.0
Pendennis,cooccurrence,1501,8495,0.007546080390850544,11.319120586275815,31.74307817700338,755,0.5880036028560909,0.496448743606849,-0.20673862414964342,0.7928283618244923,0.09407594900708867,2.5751244728811598,34,0.9753497668221186,1.0,0.14,0.0,6.083281688166442,1.873428284834229,1.0
Pendennis,dialogue,169,421,0.029656241194702733,4.982248520710059,8.484914125977923,82,0.5504504631126228,0.4639292842885657,-0.26359706159894264,0.4427122736067911,0.15695876288659794,2.763454494223725,1,1.0,1.0,0.106,0.0,3.10664575237307,1.880406774986142,1.0
Persuasion,cooccurrence,131,723,0.08490898414562537,11.038167938931299,14.425594609916748,101,0.5720017315468839,0.7027429934406678,-0.32779350671764773,0.7772780770536875,0.38792608196093453,2.1187301587301586,6,0.9618320610687023,0.5,0.0895,0.0,3.2608258568825197,1.4565907736217971,1.0
Persuasion,dialogue,27,76,0.21652421652421652,5.62962962962963,4.431772057149317,18,0.41179337231968827,0.5138461538461538,-0.3462589230633659,0.6158925073957754,0.42301458670988656,2.0,1,1.0,1.0,0.1615,0.0,2.8011281098783116,1.1971389263589913,1.0
Phoebe_Junior,cooccurrence,220,1035,0.04296388542963885,9.409090909090908,16.074143808413368,129,0.6177733860342556,0.5510870931255498,-0.37199451555502067,0.7366690425044219,0.24654545454545454,2.2722667792317433,12,0.9409090909090909,0.5,0.142,0.0,3.695351768324636,1.6821249435014358,1.0
Phoebe_Junior,dialogue,35,96,0.16134453781512606,5.485714285714286,5.341863926016988,24,0.4892857142857143,0.5775401069518716,-0.4165091367359797,0.515993026175708,0.3967741935483871,2.1142857142857143,1,1.0,1.0,0.128,0.0,2.5514087122318547,1.6854552187076814,1.0
Pride_and_Prejudice,cooccurrence,187,1194,0.06865620148352596,12.770053475935828,17.354607996544257,120,0.583537115165847,0.5827375762859633,-0.30887355449318143,0.706107681835866,0.3554744871369688,2.211750305997552,15,0.9197860962566845,0.5,0.133,0.0,3.361123544785352,1.5291221702781272,1.0
Pride_and_Prejudice,dialogue,37,122,0.1831831831831832,6.594594594594595,5.77721273606993,25,0.4490474080638016,0.5404761904761904,-0.34030111857704326,0.6713224975454078,0.40615384615384614,2.0525525525525525,1,1.0,1.0,0.1575,0.0,2.6645085938094413,1.3511482742246286,1.0
Romola,cooccurrence,507,2329,0.018156870999680365,9.187376725838265,18.15988595806569,211,0.6253981400792512,0.4004187375259265,-0.25769126051684527,0.6821056376395481,0.18800405189542993,2.584318611841802,34,0.9191321499013807,1.0,0.154,0.0,4.4832911644284374,1.8742499848246004,1.0
Romola,dialogue,54,125,0.08735150244584207,4.62962962962963,4.804690209677824,23,0.48177777777777764,0.3599419448476052,-0.18651579222746767,0.35812908240444474,0.298050139275766,2.56324248777079,1,1.0,1.0,0.137,0.0,2.6685210478813204,1.6432195514817598,1.0
Rookwood,cooccurrence,572,1893,0.011591735759861855,6.618881118881119,12.561381883854224,181,0.6522419735573461,0.3064675699757274,-0.1771978216795798,0.6234217839295818,0.32047557564019796,2.9340385629725136,96,0.791958041958042,1.5,0.139,0.0,6.756810609533635,2.0086599315486344,1.0
Rookwood,dialogue,90,216,0.05393258426966292,4.8,5.978108210611261,33,0.5352880658436214,0.32405515832482124,-0.16667562900547186,0.3047516918190966,0.30629888843145325,4.114856429463171,1,1.0,1.0,0.179,0.0,1.6000859046136862,1.892450278514185,1.0
Ruth,cooccurrence,227,893,0.034813457565007214,7.86784140969163,14.599202688127669,145,0.6217373502177976,0.612173058013766,-0.34310750621864683,0.7328566478301388,0.23110407597942223,2.242424242424242,20,0.8766519823788547,1.0,0.1045,0.0,3.829317684100261,1.790297219074727,1.0
Ruth,dialogue,33,86,0.16287878787878787,5.212121212121212,5.244088017646422,27,0.44785059901338964,0.7247983870967742,-0.4268843217496817,0.644362826715768,0.31985294117647056,1.9753787878787878,1,1.0,0.5,0.1045,0.0,3.312984127638083,1.6751399731853276,1.0
Sense_and_Sensibility,cooccurrence,150,737,0.06595078299776286,9.826666666666666,14.963398306831536,87,0.6340569877883311,0.5249410484309813,-0.45172742374001335,0.6836169710879246,0.33505021890291015,2.144110275689223,16,0.8866666666666667,0.5,0.143,0.0,3.0410902363747545,1.5563506067080823,1.0
Sense_and_Sensibility,dialogue,27,81,0.23076923076923078,6.0,4.98144706032442,21,0.43758573388203015,0.6230769230769231,-0.3709675968810992,0.5772279161168049,0.4581081081081081,1.962962962962963,1,1.0,1.0,0.149,0.0,2.954012212664675,1.5141050330684351,1.0
Shirley,cooccurrence,498,2001,0.01616930498654578,8.036144578313253,15.929648886581896,156,0.6618869280219328,0.298914454468748,-0.26893262600345247,0.6034553045571982,0.2361513770967074,2.6703489032844643,65,0.8433734939759037,1.0,0.1475,0.0,4.7458326397198505,1.818588094098882,1.0
Shirley,dialogue,78,171,0.056943056943056944,4.384615384615385,5.853403062849299,29,0.5263907632328686,0.32809295967190705,-0.32366647100620943,0.41041357229988623,0.2569190600522193,3.062271062271062,1,1.0,1.0,0.131,0.0,2.2428552045156707,1.9004785276740637,1.0
Sybil,cooccurrence,532,1749,0.012382651544114524,6.575187969924812,11.760453075609574,110,0.6159481035349954,0.19550865224034394,-0.17421251128966175,0.5851576211994621,0.22012848885928535,3.1228802457424223,55,0.8853383458646616,1.0,0.172,0.0,5.968114407714813,1.9711644861474569,1.0
Sybil,dialogue,86,243,0.06648426812585499,5.651162790697675,5.596442894064268,29,0.46803521868121356,0.2812324929971989,-0.11601912131965003,0.43091410821436565,0.2846184901090028,2.8421340629274967,1,1.0,1.0,0.1965,0.0,2.7712114317674446,1.6911349292671862,1.0
Tess_of_the_d'Urbervilles,cooccurrence,274,628,0.016790994893184676,4.583941605839416,10.987479494025308,138,0.6313868613138687,0.49229691876750703,-0.30007624498276864,0.5654020802970365,0.16125598722724854,2.4949377849911123,43,0.8321167883211679,0.5,0.0825,0.0,5.860382334470577,2.0026534969221195,1.0
Tess_of_the_d'Urbervilles,dialogue,38,68,0.09672830725462304,3.5789473684210527,5.0712376717666965,30,0.5073529411764706,0.7537537537537538,-0.4708646343939439,0.4680451127819549,0.1852409638554217,2.1337126600284493,1,1.0,1.0,0.043,0.0,4.151501070277899,1.9280620222103881,1.0
The_Heart_of_Midlothian1,cooccurrence,438,1537,0.016060102609113613,7.018264840182648,12.135446954616345,101,0.6314501059111177,0.21604769802447882,-0.18697378160066586,0.5988938527080901,0.28885354922654327,2.8355955792058944,67,0.7990867579908676,1.0,0.1515,0.0,5.671891480854295,1.8775394505175087,1.0
The_Heart_of_Midlothian1,dialogue,78,150,0.04995004995004995,3.8461538461538463,3.980970513925167,21,0.4570940170940172,0.22863978127136023,-0.055238597764073416,0.32222264914572607,0.24976076555023924,3.4095904095904097,1,1.0,1.5,0.187,0.0,2.831820619809218,1.8974931942504334,1.0
The_Heart_of_Midlothian2,cooccurrence,565,1605,0.010073432498587836,5.68141592920354,12.362708331396478,200,0.596130455159485,0.34576042729551665,-0.18979430071249437,0.6209065352088207,0.15399487078319196,3.1024468691855303,77,0.8194690265486726,1.0,0.129,0.0,5.991980293338177,2.094739730415371,1.0
The_Heart_of_Midlothian2,dialogue,81,145,0.044753086419753084,3.580246913580247,5.490427579047199,46,0.4458918688803746,0.5436708860759494,-0.2678727750218852,0.5046188051824123,0.14294670846394986,3.68179012345679,1,1.0,1.0,0.0435,0.0,4.166606809818697,1.8675517731405158,1.0
The_Heir_of_Redclyffe,cooccurrence,384,1878,0.025538511749347258,9.78125,22.649251792737733,231,0.653967540823571,0.580618703265758,-0.42024647858425895,0.731115636424592,0.16215158498934643,2.2212379952209185,21,0.9453125,1.0,0.1315,0.0,3.8412219653661417,1.8264128378316278,1.0
The_Heir_of_Redclyffe,dialogue,83,199,0.05847781369379959,4.795180722891566,7.08427587875962,42,0.564509293455228,0.46492020475760315,-0.42992157556667815,0.5269831235926994,0.2463002114164905,2.447840141052013,1,1.0,1.0,0.112,0.0,3.5689191032362473,1.971062819254208,1.0
The_Invisible_Man,cooccurrence,94,184,0.04209563029055136,3.9148936170212765,5.288807077955444,24,0.6169056429232191,0.2206638616175783,-0.26871359644924664,0.40650556432376095,0.32576985413290116,2.7838660578386607,20,0.776595744680851,1.0,0.1515,0.0,4.017659401052326,1.8831929470644335,1.0
The_Invisible_Man,dialogue,26,50,0.15384615384615385,3.8461538461538463,2.851346614284714,13,0.3815384615384614,0.39666666666666667,-0.37414011888065163,0.5300929839391378,0.3024193548387097,2.403076923076923,1,1.0,1.0,0.224,0.0,3.519543571568562,1.5225386156241076,1.0
The_Life_and_Adventures_of_Michael_Armstrong,cooccurrence,288,925,0.022381920247773905,6.423611111111111,13.526250127638189,116,0.6584309309309309,0.3844691893472381,-0.39409442912141324,0.5780498808103598,0.17944711921691164,2.5212058212058213,28,0.9027777777777778,0.5,0.1245,0.0,4.148331790966758,1.9241693999813054,1.0
The_Life_and_Adventures_of_Michael_Armstrong,dialogue,77,203,0.06937799043062201,5.2727272727272725,6.819826641427649,33,0.5131469515705971,0.37456140350877193,-0.3784230294864627,0.5741040248995622,0.23024830699774265,2.4569377990430623,1,1.0,1.0,0.151,0.0,3.2814462836328575,1.825112124820883,1.0
The_Light_that_Failed,cooccurrence,167,367,0.026477166149628455,4.395209580838324,9.878275979811528,101,0.6142374651242475,0.5890105878057685,-0.3841586671483225,0.5899589445153951,0.13636363636363635,2.336565530184548,21,0.8323353293413174,0.5,0.0725,0.0,4.563637164126082,1.9564632420681203,1.0
The_Light_that_Failed,dialogue,32,62,0.125,3.875,4.77460731369607,27,0.46370967741935476,0.7956989247311828,-0.44857240255182873,0.5726058663558663,0.20994475138121546,2.026209677419355,1,1.0,1.0,0.0765,0.0,5.075295341842925,1.8442376493086365,1.0
The_Mayor_of_Casterbridge,cooccurrence,185,358,0.021034077555816686,3.8702702702702703,9.679983941936223,105,0.6349086516684284,0.5556248515086719,-0.3812184815066648,0.5297044044420356,0.11696750902527075,2.393764761454889,34,0.7891891891891892,0.5,0.0855,0.0,3.9121442167246747,2.0258759835478046,1.0
The_Mayor_of_Casterbridge,dialogue,33,70,0.13257575757575757,4.242424242424242,4.6321034100974625,23,0.4770562770562772,0.623991935483871,-0.48760976626625346,0.570488861892024,0.24784853700516352,2.1363636363636362,1,1.0,1.0,0.148,0.0,4.142192360908895,1.758106220321414,1.0
The_Mill_on_the_Floss,cooccurrence,363,1593,0.024245468243459203,8.776859504132231,19.25091143918163,213,0.6187037296436373,0.5672778194395556,-0.344667943739693,0.7782679440520179,0.1576984884246472,2.313407275811847,10,0.9752066115702479,0.5,0.1265,0.0,4.383096046007251,1.7886396267540747,1.0
The_Mill_on_the_Floss,dialogue,57,150,0.09398496240601503,5.2631578947368425,6.81722873105784,35,0.5485380116959064,0.5503246753246753,-0.47754790587512996,0.5991684475352084,0.28105906313645623,2.24874686716792,1,1.0,1.0,0.1285,0.0,3.3812449655686114,1.8379638533560967,1.0
The_Mysteries_of_London1,cooccurrence,588,1598,0.009259581174889035,5.4353741496598635,10.671704609938411,123,0.6652065081351688,0.20096400393043823,-0.16145232441841156,0.5011225152920721,0.23840276066058663,3.0704458537057655,116,0.7738095238095238,1.0,0.1655,0.0,5.7577336630142675,2.0493213797861447,1.0
The_Mysteries_of_London1,dialogue,107,280,0.04937400811144419,5.233644859813084,5.949286361432273,41,0.4962283044058746,0.34384546271338723,-0.19634193533625607,0.43167199466043915,0.22312439103605067,2.855933697760536,1,1.0,1.0,0.1685,0.0,3.931089401091679,1.9442223554456266,1.0
The_Mysteries_of_London2,cooccurrence,614,1825,0.009697594465197593,5.944625407166124,10.729280256713725,137,0.6282709383784748,0.21449210461781232,-0.14667472068004284,0.5434890467262286,0.2105713963710132,3.2487947783116433,99,0.8127035830618893,1.0,0.152,0.0,6.863088958721353,2.084198544455595,1.0
The_Mysteries_of_London2,dialogue,149,386,0.03500816252494105,5.181208053691275,6.7117583801883915,52,0.5112146607782453,0.32064717779003493,-0.24922155309352645,0.40072559413173825,0.1949698189134809,2.9188282241973518,1,1.0,1.0,0.1815,0.0,3.4549090966320337,2.0254200318639417,1.0
The_Mysteries_of_London3,cooccurrence,579,2009,0.012006143511961323,6.939550949913644,13.29646571421144,118,0.6691683624037255,0.19281212332012018,-0.15141414019803318,0.5805911829844824,0.26993583141883865,2.9633524704244953,75,0.8290155440414507,1.0,0.129,0.0,5.1657024257933,1.839729186778373,1.0
The_Mysteries_of_London3,dialogue,110,341,0.05688073394495413,6.2,6.462197768561406,29,0.507997867235404,0.2130479102956167,-0.1034678546470991,0.41174279764365485,0.2963144963144963,2.8190158465387825,1,1.0,1.0,0.202,0.0,3.0987247016479413,1.6953601716494962,1.0
The_Mysteries_of_London4,cooccurrence,606,2071,0.011297493385702207,6.8349834983498345,11.06711436550945,127,0.6265503662872323,0.19927754364840458,-0.1360035451748201,0.5682800395746478,0.2635580128465729,3.290989182312235,66,0.8613861386138614,1.0,0.19,0.0,6.435851453659415,1.928913560399584,1.0
The_Mysteries_of_London4,dialogue,130,284,0.03387000596302922,4.369230769230769,4.320146830728471,30,0.4505146262188515,0.20179263565891473,-0.1391452707669319,0.3876392310281742,0.223963133640553,3.5646988670244486,1,1.0,1.5,0.2085,0.0,6.007249075146081,2.0414650565891073,1.0
The_Odd_Women,cooccurrence,155,437,0.03661499790532049,5.638709677419355,9.436294974787334,57,0.6511109470731529,0.3378745437568967,-0.3845909797364474,0.5297510545320112,0.2872983870967742,2.5903391572456322,16,0.9032258064516129,0.5,0.137,0.0,3.8837422771974097,1.834803783937678,1.0
The_Odd_Women,dialogue,35,94,0.15798319327731092,5.371428571428571,5.435784681353817,24,0.4835866261398176,0.5811051693404634,-0.46671369153309245,0.5516560180691096,0.33620689655172414,2.0504201680672267,1,1.0,1.0,0.155,0.0,2.7246304476551977,1.556330038309222,1.0
The_Picture_of_Dorian_Gray,cooccurrence,245,1003,0.03355637336901974,8.187755102040816,13.557039479555598,171,0.5092965999959305,0.6727551777642853,-0.21529266641135886,0.8096257367844953,0.2727089220831651,2.3146245059288537,8,0.9428571428571428,1.0,0.067,0.0,6.2216922902275655,1.885873821098013,1.0
The_Picture_of_Dorian_Gray,dialogue,28,38,0.10052910052910052,2.7142857142857144,2.602981022612657,12,0.38815789473684204,0.37037037037037035,-0.3740030674846626,0.28701298701298705,0.20625,3.0767195767195767,1,1.0,2.0,0.113,0.0,5.405960631004581,2.017893505602805,1.0
The_Pirate,cooccurrence,863,2365,0.00635833021914059,5.480880648899189,14.417200142291207,174,0.7342894029627707,0.19595193631750701,-0.2868883027807097,0.4784717999874998,0.1806216159621885,2.8620558925476605,273,0.6685979142526072,1.0,0.1575,0.0,5.44550711967014,1.9928512419003042,1.0
The_Pirate,dialogue,170,323,0.022485207100591716,3.8,6.247446537209751,41,0.5281733746130031,0.2227387996618766,-0.2334260082954282,0.36417382607316123,0.19327333017527237,4.536303515489036,1,1.0,1.5,0.138,0.0,1.9027481133532282,1.9281208019515512,1.0
The_Return_of_the_Native,cooccurrence,214,521,0.022859900838050107,4.869158878504673,10.031337917447003,79,0.6818304123988734,0.3513154398086633,-0.4076051288987773,0.49642885327439373,0.2400844872095752,2.5236669518106645,40,0.7850467289719626,1.0,0.1225,0.0,,1.9327758073054673,1.0
The_Return_of_the_Native,dialogue,29,87,0.21428571428571427,6.0,4.785034140331491,17,0.4355925485533094,0.421957671957672,-0.2022818247330904,0.5978099317855909,0.5319426336375489,2.2438423645320196,1,1.0,1.0,0.147,0.0,2.2283171684134353,1.5414088424888823,1.0
The_Small_House_at_Allington,cooccurrence,387,1650,0.022091014981724704,8.527131782945736,16.630384159815634,151,0.6494980815911047,0.37101810106991456,-0.3277409473690841,0.6656709685502413,0.2051079834991507,2.540365867017198,28,0.9250645994832042,1.0,0.146,0.0,4.223336912027041,1.8105899672142294,1.0
The_Small_House_at_Allington,dialogue,74,225,0.08330248056275454,6.081081081081081,6.709728227381326,33,0.5105105105105103,0.3789954337899543,-0.2716956372337602,0.5598733616535475,0.31612673549305803,2.4783413550536837,1,1.0,1.0,0.1355,0.0,3.1081485655894774,1.658923032477919,1.0
The_Story_of_a_Modern_Woman,cooccurrence,154,11781,1.0,153.0,0.0,153,0.0,0.0,,1.0,1.0,1.0,1,1.0,0.0,0.0,0.0,2.1770851090756875,,
The_Story_of_a_Modern_Woman,dialogue,36,67,0.10634920634920635,3.7222222222222223,3.4929382021373665,19,0.42703150912106147,0.46218487394957986,-0.23199205166418288,0.2726956279587859,0.26119402985074625,2.673015873015873,1,1.0,1.0,0.0785,0.0,2.04458773450384,1.71570675123505,1.0
Trilby,cooccurrence,514,1584,0.012014471977609393,6.163424124513619,12.753596606748506,169,0.6039922572023739,0.3186601486354776,-0.21966026175781045,0.5838487261648085,0.1867309577639503,2.829800221975583,68,0.8268482490272373,1.0,0.1315,0.0,5.998903443143605,2.100996772595617,1.0
Trilby,dialogue,81,145,0.044753086419753084,3.580246913580247,5.58406948719293,39,0.47126436781609193,0.4539556962025316,-0.3719883045670316,0.3447787649016068,0.1209529627367135,2.704012345679012,1,1.0,1.0,0.1045,0.0,3.413741507453588,1.9610052068459598,1.0
Vanity_Fair_1847,cooccurrence,1363,7564,0.008149079457834116,11.099046221570067,26.98843029145161,378,0.5767804633524907,0.26977982199751627,-0.23595870330610752,0.7880369449948321,0.12021956188883283,2.7189826622429942,36,0.9699192956713133,1.0,0.155,0.0,6.434445811409227,1.8416955528500663,1.0
Vanity_Fair_1847,dialogue,175,375,0.024630541871921183,4.285714285714286,6.48325944731695,43,0.5231542857142857,0.22506810178725667,-0.19518338244635955,0.35314222973717874,0.1814663951120163,3.0777668308702792,1,1.0,1.0,0.163,0.0,2.7041727314254858,1.9275639462177725,1.0
Vivian_Grey,cooccurrence,737,3311,0.012207981829980532,8.985074626865671,19.253956432161715,432,0.6007494446167885,0.5763124815143449,-0.1293497146827261,0.6754374215947941,0.23025262654326667,2.6676614087442565,43,0.9253731343283582,1.0,0.044,0.0,7.128804565217417,1.9302832653318247,1.0
Vivian_Grey,dialogue,98,184,0.03871239217336419,3.7551020408163267,6.634881886111378,65,0.432287045252884,0.6445446735395189,-0.26082614676472177,0.4785079928574827,0.11373873873873874,2.6749421418051758,1,1.0,1.0,0.013,0.0,4.041644290397435,1.8638632257936347,1.0
Waverley,cooccurrence,1023,3094,0.005918665220476974,6.048875855327468,17.400058319674898,445,0.6424192505786435,0.43034341451820957,-0.15502271388339633,0.5999945113448836,0.11091363412402337,2.878261266192301,201,0.7663734115347018,1.0,0.0675,0.0,6.716078592558916,2.038403009773858,1.0
Waverley,dialogue,141,237,0.024012158054711245,3.3617021276595747,5.323941103713589,57,0.4229284495915253,0.38864337101747176,-0.18508256780211796,0.28331605560049006,0.10086004691164972,4.341438703140831,1,1.0,1.0,0.095,0.0,2.4537857764185476,2.0282684133635693,1.0
Westward_Ho!,cooccurrence,945,4824,0.010815173527037933,10.209523809523809,24.29293263407526,420,0.6430754077934842,0.43502075956647557,-0.22481609166167318,0.683565503677902,0.16085265922399472,2.5758015287794076,75,0.9111111111111111,1.0,0.1485,0.0,5.414580102135038,1.9176057923925782,1.0
Westward_Ho!,dialogue,123,290,0.03865120618419299,4.715447154471545,7.923947777294386,68,0.5563218390804598,0.5272998238721041,-0.3222374018869138,0.39475680594284995,0.15914152662482284,2.5681727309076368,1,1.0,1.0,0.106,0.0,2.813088232179405,1.9506366378253621,1.0
